ID,Pases_completados,Pases_intentados,Porcent_pases_completados,Distancia_total_pases,Distancia_progresiva_pase,Pases_cortos_completados,Pases_cortos_intentados,Porcent_pases_cortos,Pases_vivos,Pases_muertos,Pases_faltas,Pases_largos,Cambios_de_juego,Pases_cruzados,Lanzamientos_realizados,Saques_esquina,Saques_esquina_dentro,Saques_esquina_fuera,Saques_esquina_recto,Pases_fuera_juego,Pases_bloqueados
1,39,59,"66,10%",465,136,31,34,"91,18%",58,1,0,0,0,10,1,0,0,0,0,0,4
2,24,33,"72,73%",406,121,10,12,"83,33%",33,0,0,0,0,0,0,0,0,0,0,0,1
3,198,230,"86,09%",3416,732,97,111,"87,39%",218,10,2,0,5,2,2,5,0,0,0,2,4
4,492,562,"87,54%",9507,3420,154,172,"89,53%",539,23,17,0,2,1,4,0,0,0,0,0,3
5,67,97,"69,07%",1218,533,28,33,"84,85%",78,19,0,0,0,9,18,1,0,1,0,0,3
6,25,48,"52,08%",325,110,13,25,"52,00%",47,1,0,0,0,5,0,0,0,0,0,0,5
7,153,219,"69,86%",3467,1688,38,38,"100,00%",164,55,20,0,1,0,0,0,0,0,0,0,0
8,122,147,"82,99%",1695,364,70,80,"87,50%",141,6,2,0,1,0,0,0,0,0,0,0,5
9,77,101,"76,24%",992,241,52,57,"91,23%",100,1,0,0,0,6,1,0,0,0,0,0,5
10,44,64,"68,75%",644,170,22,34,"64,71%",62,2,0,1,0,4,1,1,0,0,0,0,2
11,763,831,"91,82%",13809,4176,318,332,"95,78%",789,42,14,1,7,1,28,0,0,0,0,0,6
12,547,598,"91,47%",9282,3327,270,278,"97,12%",562,35,11,1,5,5,24,0,0,0,0,1,5
13,414,476,"86,97%",6088,2043,219,234,"93,59%",447,29,7,0,0,19,18,2,0,2,0,0,4
14,1,3,"33,33%",4,0,0,2,"0,00%",3,0,0,0,0,0,0,0,0,0,0,0,0
15,162,183,"88,52%",2363,848,96,102,"94,12%",166,17,3,1,0,9,14,0,0,0,0,0,0
16,205,232,"88,36%",3891,1265,80,89,"89,89%",224,8,6,1,9,2,2,0,0,0,0,0,3
17,405,528,"76,70%",7471,3245,189,206,"91,75%",421,106,20,2,9,57,62,24,4,19,0,1,7
18,33,42,"78,57%",491,83,18,21,"85,71%",40,2,1,0,1,0,0,0,0,0,0,0,2
19,32,38,"84,21%",496,73,17,19,"89,47%",32,6,1,0,0,2,5,0,0,0,0,0,0
20,242,274,"88,32%",5893,3991,64,64,"100,00%",225,47,10,0,1,0,0,0,0,0,0,2,0
21,376,418,"89,95%",6519,2357,167,179,"93,30%",387,30,8,0,3,12,18,4,0,4,0,1,4
22,13,17,"76,47%",197,53,6,8,"75,00%",16,1,1,0,0,0,0,0,0,0,0,0,0
23,312,364,"85,71%",5525,1458,123,140,"87,86%",359,5,5,0,1,0,0,0,0,0,0,0,4
24,97,120,"80,83%",1408,245,67,75,"89,33%",112,8,0,2,1,8,0,4,0,4,0,0,3
25,51,64,"79,69%",667,232,36,38,"94,74%",62,0,0,0,1,1,0,0,0,0,0,2,3
26,176,207,"85,02%",2870,716,93,105,"88,57%",200,6,5,1,2,0,1,0,0,0,0,1,2
27,3,6,"50,00%",35,21,3,4,"75,00%",6,0,0,0,0,0,0,0,0,0,0,0,0
28,10,11,"90,91%",110,55,6,6,"100,00%",11,0,0,0,0,0,0,0,0,0,0,0,0
29,146,154,"94,81%",2557,697,67,67,"100,00%",151,3,1,1,3,0,2,0,0,0,0,0,1
30,5,8,"62,50%",79,9,2,3,"66,67%",8,0,0,0,0,2,0,0,0,0,0,0,0
31,47,55,"85,45%",1023,397,13,18,"72,22%",49,6,5,0,3,0,1,0,0,0,0,0,0
32,59,87,"67,82%",838,224,36,48,"75,00%",83,3,0,0,0,2,0,3,0,1,0,1,4
33,79,100,"79,00%",1115,167,45,52,"86,54%",90,9,0,0,1,3,0,3,3,0,0,1,1
34,199,273,"72,89%",5009,3291,44,44,"100,00%",214,58,12,0,0,0,0,0,0,0,0,1,0
35,33,43,"76,74%",488,129,17,19,"89,47%",39,4,0,1,0,3,2,1,1,0,0,0,3
36,177,204,"86,76%",2445,477,104,117,"88,89%",189,14,3,2,3,11,4,7,4,0,0,1,2
37,59,74,"79,73%",1110,327,20,21,"95,24%",60,12,5,0,0,8,0,7,3,3,0,2,2
38,80,119,"67,23%",1246,497,44,54,"81,48%",101,17,6,3,0,15,3,8,4,1,0,1,5
39,78,102,"76,47%",1043,200,44,54,"81,48%",94,6,0,0,0,3,0,0,0,0,0,2,3
40,3,6,"50,00%",42,13,1,3,"33,33%",6,0,0,0,0,0,0,0,0,0,0,0,0
41,297,369,"80,49%",4860,1170,138,157,"87,90%",358,8,0,1,9,7,8,0,0,0,0,3,13
42,2,3,"66,67%",42,36,0,1,"0,00%",3,0,0,0,0,0,0,0,0,0,0,0,0
43,256,288,"88,89%",3903,1284,145,153,"94,77%",257,31,13,0,0,4,18,0,0,0,0,0,2
44,23,27,"85,19%",327,58,13,14,"92,86%",25,2,0,1,0,0,2,0,0,0,0,0,0
45,420,532,"78,95%",7540,2818,187,217,"86,18%",454,75,6,1,3,23,69,0,0,0,0,3,9
46,174,203,"85,71%",3567,1205,46,55,"83,64%",192,8,7,0,0,0,1,0,0,0,0,3,0
47,60,76,"78,95%",1058,198,26,31,"83,87%",76,0,0,0,2,0,0,0,0,0,0,0,2
48,171,211,"81,04%",2519,796,109,118,"92,37%",194,17,1,0,2,6,16,0,0,0,0,0,4
49,120,138,"86,96%",1832,416,66,72,"91,67%",116,21,2,0,0,9,19,0,0,0,0,1,4
50,322,370,"87,03%",6311,1682,110,121,"90,91%",358,8,8,0,2,1,0,0,0,0,0,4,2
51,60,72,"83,33%",881,290,37,39,"94,87%",60,12,2,0,0,3,10,0,0,0,0,0,3
52,4,6,"66,67%",42,28,4,4,"100,00%",6,0,0,0,0,1,0,0,0,0,0,0,1
53,15,24,"62,50%",165,41,8,12,"66,67%",22,2,1,0,1,1,0,1,1,0,0,0,0
54,322,407,"79,12%",5720,1504,165,185,"89,19%",397,9,5,2,8,21,3,1,0,1,0,1,15
55,221,268,"82,46%",3841,1348,113,127,"88,98%",218,50,13,0,0,27,31,6,1,5,0,0,4
56,3,5,"60,00%",66,7,1,2,"50,00%",5,0,0,0,0,0,0,0,0,0,0,0,0
57,7,7,"100,00%",55,16,4,4,"100,00%",7,0,0,0,0,0,0,0,0,0,0,0,0
58,387,434,"89,17%",6628,1767,170,180,"94,44%",410,24,9,0,5,1,6,0,0,0,0,0,1
59,22,27,"81,48%",351,70,13,16,"81,25%",25,2,0,0,0,0,0,0,0,0,0,0,0
60,506,609,"83,09%",10678,4095,171,179,"95,53%",547,60,30,1,17,22,17,0,0,0,0,2,6
61,174,198,"87,88%",3190,1074,67,71,"94,37%",189,9,9,0,1,0,0,0,0,0,0,0,2
62,29,37,"78,38%",442,99,15,18,"83,33%",35,1,1,0,0,1,0,0,0,0,0,1,3
63,39,58,"67,24%",727,198,18,20,"90,00%",45,12,0,0,1,11,12,0,0,0,0,1,6
64,79,98,"80,61%",1144,393,51,54,"94,44%",79,18,1,0,1,5,17,0,0,0,0,1,4
65,274,335,"81,79%",4512,1401,142,160,"88,75%",329,5,3,3,7,5,1,0,0,0,0,1,4
66,289,343,"84,26%",4936,1323,139,151,"92,05%",328,14,11,1,3,6,1,2,0,2,0,1,4
67,316,365,"86,58%",5267,1572,142,160,"88,75%",358,7,5,3,0,3,0,0,0,0,0,0,3
68,268,315,"85,08%",3191,643,174,196,"88,78%",298,15,0,2,0,0,0,1,0,0,0,2,6
69,204,274,"74,45%",3805,1259,98,112,"87,50%",244,26,6,0,6,24,5,15,11,0,0,4,4
70,184,205,"89,76%",2362,399,124,128,"96,88%",198,7,0,2,3,3,3,4,0,0,0,0,4
71,4,4,"100,00%",70,6,1,1,"100,00%",4,0,0,0,0,0,0,0,0,0,0,0,0
72,49,73,"67,12%",1078,494,14,19,"73,68%",67,5,5,0,1,0,0,0,0,0,0,1,1
73,183,200,"91,50%",2289,655,114,124,"91,94%",185,15,2,0,0,2,13,0,0,0,0,0,2
74,188,251,"74,90%",3187,1169,96,113,"84,96%",209,41,9,0,1,18,27,5,2,2,0,1,6
75,46,61,"75,41%",974,447,15,21,"71,43%",61,0,0,0,1,0,0,0,0,0,0,0,2
76,65,72,"90,28%",1006,285,35,38,"92,11%",70,2,2,0,1,0,0,0,0,0,0,0,0
77,219,263,"83,27%",4741,2101,58,58,"100,00%",218,43,8,0,0,0,0,0,0,0,0,2,1
78,277,333,"83,18%",5080,2157,103,110,"93,64%",288,43,4,0,1,4,34,1,0,0,0,2,7
79,12,21,"57,14%",223,69,3,4,"75,00%",16,5,1,0,0,5,2,2,2,0,0,0,3
80,81,84,"96,43%",1395,563,28,28,"100,00%",82,2,2,0,0,0,0,0,0,0,0,0,0
81,317,344,"92,15%",6075,2076,109,113,"96,46%",338,6,6,0,2,0,0,0,0,0,0,0,4
82,242,277,"87,36%",3786,847,117,127,"92,13%",268,9,6,1,0,2,1,2,2,0,0,0,5
83,262,303,"86,47%",5767,2661,74,79,"93,67%",274,26,11,1,1,1,2,0,0,0,0,3,0
84,9,15,"60,00%",123,28,4,7,"57,14%",15,0,0,0,0,1,0,0,0,0,0,0,0
85,56,70,"80,00%",758,117,33,38,"86,84%",66,4,0,0,0,2,2,0,0,0,0,0,2
86,166,208,"79,81%",4273,2595,31,31,"100,00%",156,52,9,0,1,0,0,0,0,0,0,0,0
87,66,79,"83,54%",1474,388,8,9,"88,89%",75,4,4,0,0,0,0,0,0,0,0,0,0
88,199,247,"80,57%",2782,810,111,125,"88,80%",225,20,4,1,2,18,3,12,2,9,0,2,7
89,122,143,"85,31%",2414,835,29,35,"82,86%",141,2,2,0,0,0,0,0,0,0,0,0,2
90,19,25,"76,00%",335,21,8,11,"72,73%",18,7,0,0,0,1,0,0,0,0,0,0,0
91,24,31,"77,42%",289,67,15,18,"83,33%",31,0,0,0,0,0,0,0,0,0,0,0,1
92,372,417,"89,21%",7101,1827,147,158,"93,04%",390,26,19,1,7,11,1,6,1,5,0,1,7
93,115,132,"87,12%",2052,645,51,57,"89,47%",131,1,0,0,0,4,0,1,1,0,0,0,4
94,112,147,"76,19%",1721,346,57,68,"83,82%",126,21,1,0,1,12,20,0,0,0,0,0,4
95,19,23,"82,61%",338,49,9,10,"90,00%",22,1,1,0,0,0,0,0,0,0,0,0,0
96,138,166,"83,13%",2335,631,75,88,"85,23%",155,11,11,0,2,0,0,0,0,0,0,0,4
97,37,59,"62,71%",567,173,20,28,"71,43%",40,19,0,0,0,5,19,0,0,0,0,0,0
98,8,12,"66,67%",115,48,4,6,"66,67%",11,1,0,0,0,1,1,0,0,0,0,0,1
99,6,8,"75,00%",82,29,3,4,"75,00%",8,0,0,0,0,2,0,0,0,0,0,0,0
100,258,319,"80,88%",4538,1548,121,136,"88,97%",268,50,4,0,1,12,46,0,0,0,0,1,10
101,377,451,"83,59%",7059,2154,174,192,"90,63%",394,55,23,1,8,47,3,29,10,17,0,2,8
102,408,470,"86,81%",6473,1717,220,237,"92,83%",433,36,10,1,5,3,26,0,0,0,0,1,11
103,252,297,"84,85%",4178,1170,123,133,"92,48%",287,10,8,1,4,1,2,0,0,0,0,0,7
104,92,110,"83,64%",1511,375,44,48,"91,67%",92,18,2,0,1,5,16,0,0,0,0,0,3
105,352,416,"84,62%",5437,1133,202,216,"93,52%",383,32,7,1,4,24,25,0,0,0,0,1,9
106,43,76,"56,58%",630,302,26,40,"65,00%",74,2,0,0,0,5,2,0,0,0,0,0,4
107,1,2,"50,00%",7,0,1,2,"50,00%",2,0,0,0,0,0,0,0,0,0,0,0,0
108,189,213,"88,73%",3773,1071,57,65,"87,69%",208,5,5,0,1,1,0,0,0,0,0,0,1
109,166,214,"77,57%",3527,910,38,44,"86,36%",197,16,11,0,2,2,0,0,0,0,0,1,1
110,257,298,"86,24%",4566,1386,109,120,"90,83%",272,26,10,0,2,10,14,0,0,0,0,0,10
111,137,180,"76,11%",1954,364,89,96,"92,71%",142,38,7,1,1,23,20,10,8,2,0,0,3
112,285,299,"95,32%",5702,1599,62,63,"98,41%",297,2,2,1,2,0,0,0,0,0,0,0,0
113,536,624,"85,90%",8302,1825,281,300,"93,67%",540,84,9,1,0,20,74,1,0,0,0,0,11
114,46,55,"83,64%",486,125,27,33,"81,82%",55,0,0,1,0,1,0,0,0,0,0,0,0
115,26,29,"89,66%",425,83,12,14,"85,71%",28,1,1,0,0,0,0,0,0,0,0,0,1
116,79,87,"90,80%",1029,300,54,56,"96,43%",84,3,1,0,1,1,0,2,0,1,0,0,2
117,24,30,"80,00%",448,207,11,13,"84,62%",27,2,0,0,0,2,0,2,1,0,0,1,0
118,26,27,"96,30%",443,220,12,12,"100,00%",27,0,0,0,0,0,0,0,0,0,0,0,1
119,268,297,"90,24%",5043,1455,96,103,"93,20%",289,8,6,1,2,0,2,0,0,0,0,0,0
120,5,6,"83,33%",96,50,0,1,"0,00%",4,2,0,0,0,0,2,0,0,0,0,0,1
121,204,256,"79,69%",2923,815,129,147,"87,76%",223,29,1,3,1,14,0,8,2,2,0,4,4
122,8,9,"88,89%",124,40,6,6,"100,00%",9,0,0,0,1,0,0,0,0,0,0,0,1
123,296,378,"78,31%",4323,1342,194,208,"93,27%",318,60,13,0,2,34,29,18,11,7,0,0,9
124,253,289,"87,54%",4592,1514,108,118,"91,53%",267,19,7,1,5,12,0,12,4,5,0,3,1
125,35,60,"58,33%",356,73,30,39,"76,92%",57,3,0,0,0,0,0,0,0,0,0,0,1
126,217,229,"94,76%",4459,1381,55,57,"96,49%",221,8,7,0,1,0,1,0,0,0,0,0,0
127,139,175,"79,43%",1927,560,83,102,"81,37%",171,3,1,2,2,0,0,0,0,0,0,1,3
128,164,220,"74,55%",2793,685,63,78,"80,77%",175,42,1,2,2,12,41,0,0,0,0,3,11
129,66,74,"89,19%",1141,366,28,33,"84,85%",73,1,1,0,0,0,0,0,0,0,0,0,0
130,178,202,"88,12%",3067,1001,91,96,"94,79%",192,10,9,0,1,0,0,0,0,0,0,0,0
131,107,145,"73,79%",2818,2105,31,31,"100,00%",98,45,6,0,0,0,0,0,0,0,0,2,0
132,27,42,"64,29%",374,30,13,21,"61,90%",32,10,0,0,0,1,0,0,0,0,0,0,0
133,224,286,"78,32%",3569,714,128,141,"90,78%",278,7,0,1,3,27,7,0,0,0,0,1,6
134,13,14,"92,86%",211,25,6,6,"100,00%",11,3,1,0,0,0,2,0,0,0,0,0,0
135,4,5,"80,00%",66,34,2,3,"66,67%",4,1,0,0,0,0,1,0,0,0,0,0,0
136,18,30,"60,00%",242,40,12,23,"52,17%",30,0,0,0,1,0,0,0,0,0,0,0,0
137,161,202,"79,70%",2516,922,89,93,"95,70%",177,24,4,1,0,21,20,0,0,0,0,1,1
138,92,114,"80,70%",1042,263,55,63,"87,30%",109,5,1,0,0,8,0,2,0,1,0,0,3
139,76,93,"81,72%",1073,256,50,55,"90,91%",90,3,1,1,0,0,1,0,0,0,0,0,4
140,18,22,"81,82%",293,66,7,8,"87,50%",18,4,2,0,0,3,0,2,2,0,0,0,0
141,276,380,"72,63%",8228,5657,34,34,"100,00%",311,67,19,0,3,0,0,0,0,0,0,2,0
142,14,15,"93,33%",206,74,7,7,"100,00%",15,0,0,0,0,0,0,0,0,0,0,0,1
143,294,371,"79,25%",7176,4624,61,61,"100,00%",304,66,12,0,1,0,0,0,0,0,0,1,1
144,234,281,"83,27%",4808,1260,89,102,"87,25%",235,45,11,0,12,24,29,5,1,3,0,1,5
145,307,366,"83,88%",4982,1696,159,170,"93,53%",307,59,9,0,1,13,46,4,2,1,0,0,3
146,24,33,"72,73%",273,31,19,20,"95,00%",30,2,0,0,0,3,0,0,0,0,0,1,3
147,80,97,"82,47%",1464,509,31,36,"86,11%",93,3,0,0,0,2,3,0,0,0,0,1,0
148,232,274,"84,67%",4427,1416,86,95,"90,53%",253,20,2,0,3,8,18,0,0,0,0,1,3
149,2,2,"100,00%",35,29,1,1,"100,00%",2,0,0,0,0,0,0,0,0,0,0,0,0
150,111,139,"79,86%",1635,314,57,66,"86,36%",124,15,1,0,0,5,4,0,0,0,0,0,9
151,291,360,"80,83%",5341,2176,112,131,"85,50%",330,30,7,0,1,10,23,0,0,0,0,0,5
152,28,49,"57,14%",369,90,17,26,"65,38%",46,3,0,0,0,2,3,0,0,0,0,0,5
153,360,402,"89,55%",5526,1269,193,205,"94,15%",350,50,10,0,2,6,40,0,0,0,0,2,6
154,187,228,"82,02%",3000,1124,92,101,"91,09%",216,12,5,0,1,2,7,0,0,0,0,0,2
155,121,152,"79,61%",2305,773,49,50,"98,00%",147,5,5,0,0,0,0,0,0,0,0,0,0
156,91,114,"79,82%",1590,385,42,46,"91,30%",110,3,2,0,3,0,0,1,0,0,0,1,0
157,294,431,"68,21%",5327,1583,153,184,"83,15%",368,60,16,11,7,77,10,32,5,11,3,3,15
158,53,75,"70,67%",667,174,36,41,"87,80%",72,2,0,0,0,3,2,0,0,0,0,1,6
159,189,244,"77,46%",3467,1012,87,100,"87,00%",221,19,7,0,3,20,7,5,2,1,0,4,3
160,45,60,"75,00%",765,256,24,27,"88,89%",53,7,0,0,2,6,7,0,0,0,0,0,3
161,183,283,"64,66%",2643,1448,108,127,"85,04%",200,83,4,0,1,9,79,0,0,0,0,0,8
162,82,108,"75,93%",1374,375,40,46,"86,96%",105,3,1,0,0,1,2,0,0,0,0,0,4
163,176,259,"67,95%",3150,873,83,108,"76,85%",230,28,9,2,2,51,1,18,7,7,0,1,9
164,175,228,"76,75%",3275,1106,72,83,"86,75%",198,30,3,0,1,28,4,21,7,13,0,0,6
165,64,90,"71,11%",944,307,35,42,"83,33%",77,12,0,0,1,3,12,0,0,0,0,1,5
166,496,591,"83,93%",7740,2937,264,292,"90,41%",507,79,17,6,7,23,61,1,0,0,0,5,8
167,53,78,"67,95%",1024,416,30,34,"88,24%",65,11,2,4,2,10,1,8,5,2,0,2,1
168,149,202,"73,76%",1937,418,99,109,"90,83%",188,13,2,1,1,16,1,2,1,0,0,1,7
169,174,191,"91,10%",3347,1351,68,72,"94,44%",183,7,4,0,2,1,2,0,0,0,0,1,1
170,908,959,"94,68%",16547,5707,360,370,"97,30%",938,19,16,0,3,2,1,0,0,0,0,2,2
171,152,183,"83,06%",2328,544,89,98,"90,82%",174,8,4,2,1,7,0,0,0,0,0,1,4
172,79,99,"79,80%",1026,349,47,54,"87,04%",97,2,0,0,1,2,2,0,0,0,0,0,2
173,416,466,"89,27%",8288,3423,142,156,"91,03%",453,11,11,1,2,4,0,0,0,0,0,2,3
174,119,161,"73,91%",1975,639,56,68,"82,35%",141,20,1,0,1,2,19,0,0,0,0,0,3
175,273,399,"68,42%",5130,2036,132,150,"88,00%",324,70,8,0,8,63,40,21,6,10,0,5,10
176,86,110,"78,18%",1347,378,44,53,"83,02%",90,19,1,0,2,3,18,0,0,0,0,1,3
177,49,73,"67,12%",1177,740,15,15,"100,00%",61,12,3,0,0,0,0,0,0,0,0,0,0
178,29,35,"82,86%",420,73,17,18,"94,44%",34,1,0,0,0,1,1,0,0,0,0,0,1
179,15,19,"78,95%",221,25,9,11,"81,82%",15,4,0,0,0,0,0,0,0,0,0,0,1
180,198,239,"82,85%",3896,2365,72,72,"100,00%",176,62,16,0,0,0,0,0,0,0,0,1,0
181,13,15,"86,67%",187,71,8,10,"80,00%",15,0,0,0,0,0,0,0,0,0,0,0,0
182,15,22,"68,18%",199,28,9,13,"69,23%",20,2,0,0,0,1,0,0,0,0,0,0,0
183,228,348,"65,52%",3852,1449,107,128,"83,59%",281,65,2,0,0,21,63,0,0,0,0,2,17
184,150,239,"62,76%",2806,609,69,99,"69,70%",226,10,1,0,3,7,2,0,0,0,0,3,9
185,292,347,"84,15%",7595,4883,50,50,"100,00%",285,61,15,0,4,0,0,0,0,0,0,1,0
186,115,136,"84,56%",1825,485,60,64,"93,75%",114,22,1,0,0,3,21,0,0,0,0,0,5
187,85,113,"75,22%",1184,370,50,57,"87,72%",105,8,0,2,0,6,1,3,3,0,0,0,4
188,11,14,"78,57%",140,22,6,7,"85,71%",13,1,0,0,0,0,0,0,0,0,0,0,0
189,190,239,"79,50%",2814,675,107,121,"88,43%",231,7,0,0,1,5,2,0,0,0,0,1,8
190,158,175,"90,29%",1858,315,107,116,"92,24%",169,6,2,0,0,1,1,2,0,1,0,0,2
191,248,322,"77,02%",3946,1157,137,159,"86,16%",270,50,4,0,3,15,45,1,0,0,0,2,13
192,19,28,"67,86%",226,21,14,17,"82,35%",20,8,0,0,0,2,0,0,0,0,0,0,1
193,34,49,"69,39%",537,229,20,23,"86,96%",43,6,0,0,1,1,6,0,0,0,0,0,2
194,7,10,"70,00%",131,34,1,2,"50,00%",10,0,0,0,0,1,0,0,0,0,0,0,0
195,209,292,"71,58%",3346,1058,105,128,"82,03%",268,24,13,2,0,22,0,11,6,2,0,0,5
196,109,134,"81,34%",1119,206,73,81,"90,12%",129,5,1,1,0,1,1,0,0,0,0,0,2
197,405,460,"88,04%",6285,1579,208,226,"92,04%",442,16,16,1,2,1,0,0,0,0,0,2,5
198,67,70,"95,71%",1235,308,29,31,"93,55%",68,2,2,0,0,1,0,0,0,0,0,0,0
199,89,101,"88,12%",1253,207,57,60,"95,00%",100,1,1,0,0,0,0,0,0,0,0,0,5
200,20,27,"74,07%",338,56,11,14,"78,57%",19,8,0,0,0,2,5,3,2,0,0,0,0
201,90,105,"85,71%",1122,201,65,70,"92,86%",102,3,0,0,0,4,1,2,2,0,0,0,1
202,46,54,"85,19%",852,303,17,20,"85,00%",54,0,0,0,0,0,0,0,0,0,0,0,0
203,67,96,"69,79%",1025,310,39,45,"86,67%",80,15,1,3,0,12,0,8,6,2,0,1,1
204,78,97,"80,41%",1019,215,54,59,"91,53%",91,5,1,0,2,6,1,1,0,0,0,1,1
205,4,9,"44,44%",60,1,0,2,"0,00%",9,0,0,0,0,0,0,0,0,0,0,0,0
206,298,335,"88,96%",5245,1506,134,145,"92,41%",316,19,11,0,5,9,0,8,4,1,0,0,3
207,226,269,"84,01%",4094,1454,105,123,"85,37%",261,6,5,1,2,5,0,1,1,0,0,2,3
208,9,10,"90,00%",141,9,5,6,"83,33%",9,1,1,0,0,0,0,0,0,0,0,0,1
209,69,72,"95,83%",1420,403,27,27,"100,00%",70,2,2,0,2,0,0,0,0,0,0,0,1
210,164,203,"80,79%",2111,663,106,121,"87,60%",195,8,0,0,0,1,2,0,0,0,0,0,6
211,190,232,"81,90%",2811,625,119,130,"91,54%",218,14,5,3,2,22,1,7,1,6,0,0,11
212,192,214,"89,72%",2890,992,109,117,"93,16%",202,12,8,0,0,1,4,0,0,0,0,0,2
213,8,10,"80,00%",137,28,5,6,"83,33%",9,1,1,0,0,0,0,0,0,0,0,0,0
214,38,55,"69,09%",541,137,26,31,"83,87%",55,0,0,0,0,10,0,0,0,0,0,0,0
215,132,150,"88,00%",1781,486,83,89,"93,26%",141,9,1,3,1,2,1,2,0,2,0,0,3
216,47,55,"85,45%",1035,666,14,14,"100,00%",43,12,2,0,0,0,0,0,0,0,0,0,0
217,4,5,"80,00%",71,3,2,3,"66,67%",5,0,0,0,0,0,0,0,0,0,0,0,0
218,35,49,"71,43%",497,103,20,25,"80,00%",42,6,0,1,0,0,0,0,0,0,0,1,3
219,12,19,"63,16%",204,43,5,5,"100,00%",15,4,1,0,0,6,0,3,2,1,0,0,0
220,114,153,"74,51%",1666,386,68,77,"88,31%",133,20,2,0,0,10,18,0,0,0,0,0,8
221,38,55,"69,09%",482,82,23,30,"76,67%",44,11,1,0,0,3,1,0,0,0,0,0,2
222,94,106,"88,68%",1874,494,29,32,"90,63%",100,6,1,0,1,0,1,0,0,0,0,0,0
223,32,36,"88,89%",450,128,19,21,"90,48%",35,1,1,0,0,0,0,0,0,0,0,0,0
224,43,51,"84,31%",672,215,18,21,"85,71%",50,0,0,0,0,1,0,0,0,0,0,1,2
225,35,45,"77,78%",518,186,22,26,"84,62%",41,4,0,0,0,4,1,0,0,0,0,0,1
226,122,179,"68,16%",1719,413,82,97,"84,54%",166,11,0,0,1,13,10,1,0,0,0,2,13
227,141,164,"85,98%",2139,423,88,99,"88,89%",160,4,0,1,2,10,0,3,0,3,0,0,2
228,183,190,"96,32%",3510,1292,56,57,"98,25%",184,6,6,1,2,2,0,0,0,0,0,0,0
229,61,67,"91,04%",1250,409,19,20,"95,00%",64,3,2,0,3,1,0,0,0,0,0,0,0
230,141,168,"83,93%",1955,424,87,96,"90,63%",160,8,3,0,0,7,0,0,0,0,0,0,6
231,52,63,"82,54%",783,145,29,31,"93,55%",58,3,3,0,0,2,0,0,0,0,0,2,1
232,21,34,"61,76%",261,61,13,21,"61,90%",34,0,0,0,0,0,0,0,0,0,0,0,2
233,156,170,"91,76%",2895,790,52,55,"94,55%",165,5,3,0,0,2,2,0,0,0,0,0,0
234,13,20,"65,00%",188,60,9,11,"81,82%",20,0,0,0,1,3,0,0,0,0,0,0,2
235,140,172,"81,40%",1729,661,101,110,"91,82%",153,18,3,0,0,6,15,0,0,0,0,1,9
236,141,221,"63,80%",1666,402,92,133,"69,17%",207,12,1,1,1,2,0,0,0,0,0,2,7
237,135,166,"81,33%",1986,465,84,97,"86,60%",158,7,2,3,2,4,0,2,1,0,1,1,3
238,227,266,"85,34%",4211,1477,88,98,"89,80%",253,13,9,0,3,0,4,0,0,0,0,0,3
239,115,152,"75,66%",2477,710,34,41,"82,93%",141,10,10,0,1,0,0,0,0,0,0,1,3
240,170,214,"79,44%",3109,1213,59,69,"85,51%",205,9,1,3,3,2,8,0,0,0,0,0,5
241,102,125,"81,60%",1847,493,50,59,"84,75%",118,6,2,1,6,6,3,1,0,0,0,1,1
242,259,293,"88,40%",4025,965,144,149,"96,64%",266,27,2,0,2,15,24,1,0,1,0,0,5
243,14,19,"73,68%",191,53,11,12,"91,67%",16,2,0,0,0,2,0,2,2,0,0,1,0
244,92,127,"72,44%",1519,401,49,58,"84,48%",120,7,4,1,2,4,0,2,2,0,0,0,1
245,274,314,"87,26%",4187,1295,136,146,"93,15%",311,3,1,1,1,4,2,0,0,0,0,0,3
246,182,231,"78,79%",3230,1185,83,95,"87,37%",203,27,1,0,2,12,26,0,0,0,0,1,5
247,189,252,"75,00%",2483,693,121,142,"85,21%",228,21,6,1,0,12,2,4,3,1,0,3,4
248,118,154,"76,62%",1892,765,66,74,"89,19%",152,1,1,0,0,1,0,0,0,0,0,1,2
249,79,124,"63,71%",2331,1650,9,9,"100,00%",89,35,7,0,0,0,0,0,0,0,0,0,0
250,118,143,"82,52%",1734,538,69,78,"88,46%",138,4,1,2,0,3,1,1,0,1,0,1,4
251,20,30,"66,67%",602,422,4,4,"100,00%",20,10,1,0,0,0,0,0,0,0,0,0,0
252,433,509,"85,07%",6594,1144,248,265,"93,58%",478,30,4,1,3,21,13,13,8,1,2,1,16
253,190,245,"77,55%",3009,699,108,119,"90,76%",225,19,3,3,3,20,2,12,11,0,1,1,3
254,34,41,"82,93%",616,183,15,16,"93,75%",37,4,4,0,0,3,0,0,0,0,0,0,1
255,558,664,"84,04%",8105,2281,326,356,"91,57%",569,94,15,1,3,27,76,3,0,3,0,1,16
256,124,145,"85,52%",2089,600,59,62,"95,16%",142,2,2,0,1,2,0,0,0,0,0,1,5
257,296,328,"90,24%",5750,1609,111,123,"90,24%",309,19,16,0,6,0,2,0,0,0,0,0,2
258,13,19,"68,42%",186,47,7,10,"70,00%",19,0,0,0,0,1,0,0,0,0,0,0,2
259,223,257,"86,77%",3524,871,116,126,"92,06%",245,10,1,0,0,5,5,2,0,0,0,2,3
260,253,311,"81,35%",3455,1482,170,192,"88,54%",248,63,11,0,0,10,48,4,0,3,0,0,5
261,47,51,"92,16%",1051,213,14,15,"93,33%",50,1,1,0,2,0,0,0,0,0,0,0,0
262,51,64,"79,69%",960,497,24,26,"92,31%",52,12,0,0,0,0,0,0,0,0,0,0,0
263,672,755,"89,01%",10451,2084,385,415,"92,77%",732,21,13,2,4,8,1,3,1,1,1,2,12
264,423,476,"88,87%",8436,3104,128,134,"95,52%",466,9,7,0,10,0,2,0,0,0,0,1,5
265,91,123,"73,98%",1152,229,60,69,"86,96%",116,7,0,0,0,1,0,0,0,0,0,0,7
266,173,191,"90,58%",2547,865,90,94,"95,74%",190,0,0,1,0,0,0,0,0,0,0,1,2
267,332,378,"87,83%",4415,1137,204,223,"91,48%",361,15,0,0,1,11,15,0,0,0,0,2,6
268,78,107,"72,90%",1283,437,39,43,"90,70%",91,16,4,1,2,18,1,9,4,2,0,0,2
269,34,50,"68,00%",426,32,22,27,"81,48%",47,3,0,0,0,0,0,0,0,0,0,0,3
270,98,116,"84,48%",1604,425,45,47,"95,74%",96,20,4,0,0,10,15,1,0,0,0,0,2
271,181,215,"84,19%",2885,644,90,98,"91,84%",192,20,3,2,3,13,1,14,4,4,0,3,2
272,162,174,"93,10%",3592,2064,27,27,"100,00%",135,39,7,0,0,0,0,0,0,0,0,0,0
273,125,153,"81,70%",2435,770,43,43,"100,00%",148,5,5,0,2,0,0,0,0,0,0,0,0
274,188,242,"77,69%",3152,1045,86,107,"80,37%",240,2,1,3,2,1,1,0,0,0,0,0,3
275,92,127,"72,44%",1442,639,50,55,"90,91%",101,25,2,0,0,10,23,0,0,0,0,1,3
276,206,268,"76,87%",2750,644,131,160,"81,88%",258,7,0,1,2,7,3,0,0,0,0,3,6
277,58,66,"87,88%",731,138,38,41,"92,68%",63,3,0,0,0,0,2,0,0,0,0,0,1
278,75,98,"76,53%",1140,287,38,42,"90,48%",81,17,4,0,1,7,9,4,3,1,0,0,3
279,101,140,"72,14%",1569,461,57,63,"90,48%",109,30,2,0,2,15,20,8,0,1,0,1,5
280,73,84,"86,90%",1653,823,18,21,"85,71%",80,3,3,0,0,1,0,0,0,0,0,1,2
281,185,212,"87,26%",3048,744,87,93,"93,55%",204,7,4,3,1,2,1,0,0,0,0,1,3
282,44,56,"78,57%",969,242,7,10,"70,00%",55,1,1,0,1,0,0,0,0,0,0,0,0
283,76,94,"80,85%",1371,424,38,44,"86,36%",82,12,0,1,1,5,12,0,0,0,0,0,1
284,109,120,"90,83%",2037,820,35,36,"97,22%",116,4,2,0,1,4,2,0,0,0,0,0,0
285,118,135,"87,41%",2234,879,50,52,"96,15%",133,1,0,0,2,0,0,0,0,0,0,1,2
286,444,532,"83,46%",7417,2623,216,231,"93,51%",422,109,20,1,4,20,81,8,2,6,0,1,19
287,135,201,"67,16%",1706,477,87,100,"87,00%",160,38,12,0,1,33,3,23,15,2,0,3,9
288,251,308,"81,49%",4081,1457,111,125,"88,80%",285,23,7,0,0,6,13,0,0,0,0,0,8
289,65,88,"73,86%",917,220,40,54,"74,07%",86,2,0,1,0,1,1,0,0,0,0,0,0
290,55,85,"64,71%",1001,442,25,33,"75,76%",60,25,1,0,0,15,24,0,0,0,0,0,2
291,160,203,"78,82%",3994,2946,34,34,"100,00%",155,47,12,0,0,0,0,0,0,0,0,1,0
292,173,215,"80,47%",2705,679,96,114,"84,21%",198,13,5,2,4,11,2,5,3,0,0,4,3
293,190,224,"84,82%",3950,1469,59,67,"88,06%",218,5,5,0,5,0,0,0,0,0,0,1,3
294,396,449,"88,20%",6734,1990,186,202,"92,08%",434,12,4,0,6,7,3,0,0,0,0,3,3
295,4,8,"50,00%",72,36,2,3,"66,67%",8,0,0,0,0,4,0,0,0,0,0,0,0
296,330,378,"87,30%",6548,2452,103,112,"91,96%",355,22,19,0,4,0,1,0,0,0,0,1,2
297,168,198,"84,85%",2859,755,93,100,"93,00%",185,12,7,1,2,4,0,4,0,3,0,1,6
298,43,70,"61,43%",1184,779,9,9,"100,00%",40,30,8,0,0,0,0,0,0,0,0,0,0
299,175,215,"81,40%",3002,642,82,97,"84,54%",211,4,1,0,3,4,3,0,0,0,0,0,6
300,61,77,"79,22%",955,229,32,35,"91,43%",77,0,0,0,0,3,0,0,0,0,0,0,1
301,291,375,"77,60%",4731,1863,152,171,"88,89%",329,46,6,0,4,11,40,0,0,0,0,0,6
302,435,528,"82,39%",7088,1713,230,246,"93,50%",461,65,9,0,5,40,52,4,2,1,0,2,18
303,15,19,"78,95%",234,59,9,10,"90,00%",18,1,0,0,0,1,0,1,1,0,0,0,1
304,21,32,"65,63%",322,45,9,13,"69,23%",31,1,0,0,0,1,0,0,0,0,0,0,1
305,72,90,"80,00%",1168,359,36,40,"90,00%",74,16,1,0,1,4,15,0,0,0,0,0,2
306,96,122,"78,69%",1798,945,42,43,"97,67%",97,23,5,0,3,4,18,0,0,0,0,2,6
307,145,167,"86,83%",2813,904,43,45,"95,56%",163,3,2,0,4,0,1,0,0,0,0,1,0
308,427,457,"93,44%",8050,2824,136,145,"93,79%",445,12,11,0,1,0,1,0,0,0,0,0,1
309,137,151,"90,73%",2363,800,53,57,"92,98%",146,4,4,0,0,0,0,0,0,0,0,1,2
310,49,74,"66,22%",725,233,26,34,"76,47%",70,4,0,0,0,4,2,0,0,0,0,0,4
311,56,83,"67,47%",949,335,29,33,"87,88%",70,13,3,2,3,14,0,10,8,1,0,0,4
312,36,45,"80,00%",430,79,23,27,"85,19%",44,0,0,0,0,1,0,0,0,0,0,1,1
313,152,175,"86,86%",2389,565,79,84,"94,05%",167,7,5,2,0,4,1,0,0,0,0,1,7
314,157,171,"91,81%",2855,679,65,70,"92,86%",165,6,6,1,2,1,0,0,0,0,0,0,1
315,334,361,"92,52%",5539,1371,158,164,"96,34%",345,14,14,2,0,1,0,0,0,0,0,2,2
316,74,95,"77,89%",970,270,42,51,"82,35%",93,1,0,0,0,2,0,0,0,0,0,1,2
317,333,432,"77,08%",4211,863,223,252,"88,49%",422,9,2,2,8,21,4,2,0,0,0,1,21
318,281,342,"82,16%",4837,1751,120,136,"88,24%",289,51,5,0,0,19,46,0,0,0,0,2,10
319,94,131,"71,76%",1267,165,50,68,"73,53%",117,14,0,0,1,1,0,2,0,0,0,0,4
320,44,51,"86,27%",571,174,26,27,"96,30%",45,6,0,0,0,5,6,0,0,0,0,0,2
321,422,481,"87,73%",8188,3372,151,173,"87,28%",449,32,11,0,2,4,21,0,0,0,0,0,2
322,171,238,"71,85%",3521,1349,60,75,"80,00%",207,31,18,0,4,23,0,13,5,4,0,0,7
323,250,316,"79,11%",4073,1228,139,160,"86,88%",294,20,9,1,4,14,0,8,4,3,0,2,6
324,39,40,"97,50%",617,124,21,21,"100,00%",37,3,3,0,0,0,0,0,0,0,0,0,0
325,32,41,"78,05%",479,160,17,20,"85,00%",38,3,0,0,1,2,0,0,0,0,0,0,1
326,174,185,"94,05%",2611,665,100,106,"94,34%",179,5,4,1,0,0,1,0,0,0,0,1,0
327,160,251,"63,75%",2774,865,73,107,"68,22%",235,12,4,6,2,9,4,0,0,0,0,4,9
328,64,79,"81,01%",806,219,40,46,"86,96%",79,0,0,1,0,5,0,0,0,0,0,0,3
329,2,3,"66,67%",31,9,1,1,"100,00%",3,0,0,0,0,0,0,0,0,0,0,0,0
330,12,18,"66,67%",235,57,4,4,"100,00%",17,1,0,0,1,2,0,0,0,0,0,0,1
331,98,120,"81,67%",1407,272,60,64,"93,75%",105,15,0,1,0,9,2,2,0,0,0,0,4
332,160,185,"86,49%",2424,385,93,106,"87,74%",180,5,4,0,1,6,1,0,0,0,0,0,3
333,191,222,"86,04%",3805,1218,57,62,"91,94%",219,3,3,0,1,0,0,0,0,0,0,0,1
334,619,710,"87,18%",12057,3571,228,248,"91,94%",639,66,31,5,4,40,7,28,15,12,0,5,3
335,98,103,"95,15%",1404,655,50,51,"98,04%",92,11,4,0,0,0,5,0,0,0,0,0,2
336,156,198,"78,79%",2932,1150,60,70,"85,71%",190,8,4,0,2,1,4,0,0,0,0,0,5
337,237,276,"85,87%",4851,1737,72,77,"93,51%",265,10,9,0,1,0,0,0,0,0,0,1,0
338,96,152,"63,16%",1276,557,59,76,"77,63%",141,10,2,0,0,19,2,6,6,0,0,1,2
339,59,66,"89,39%",836,119,36,37,"97,30%",65,1,1,0,0,1,0,0,0,0,0,0,1
340,7,8,"87,50%",86,16,4,5,"80,00%",8,0,0,0,0,0,0,0,0,0,0,0,0
341,17,21,"80,95%",264,103,6,6,"100,00%",18,1,0,0,0,0,1,0,0,0,0,2,0
342,84,132,"63,64%",1381,482,33,45,"73,33%",105,27,1,0,0,4,26,0,0,0,0,0,1
343,109,143,"76,22%",2490,1568,27,27,"100,00%",112,30,12,0,0,0,0,0,0,0,0,1,0
344,95,143,"66,43%",3180,2558,16,16,"100,00%",89,54,22,0,0,0,0,0,0,0,0,0,0
345,7,8,"87,50%",102,10,5,5,"100,00%",7,1,0,0,0,0,1,0,0,0,0,0,0
346,230,260,"88,46%",3688,1033,134,142,"94,37%",248,11,8,0,3,3,2,1,0,0,0,1,1
347,102,118,"86,44%",1758,490,43,48,"89,58%",108,10,6,0,0,0,4,0,0,0,0,0,1
348,61,95,"64,21%",662,99,43,60,"71,67%",86,6,0,0,0,4,0,0,0,0,0,3,1
349,106,139,"76,26%",1637,581,54,62,"87,10%",133,5,4,0,2,0,1,0,0,0,0,1,0
350,182,210,"86,67%",3451,827,85,93,"91,40%",206,2,1,0,9,2,1,0,0,0,0,2,1
351,175,212,"82,55%",2779,1061,98,106,"92,45%",177,32,3,0,2,5,29,0,0,0,0,3,9
352,14,19,"73,68%",167,31,10,11,"90,91%",17,2,0,0,0,2,0,0,0,0,0,0,0
353,260,314,"82,80%",4297,1656,134,147,"91,16%",290,24,6,1,2,2,18,0,0,0,0,0,6
354,172,249,"69,08%",2717,686,101,120,"84,17%",226,21,6,0,1,41,11,4,1,3,0,2,8
355,318,360,"88,33%",5549,2507,142,153,"92,81%",349,9,9,0,5,0,0,0,0,0,0,2,2
356,200,221,"90,50%",3532,1303,92,100,"92,00%",207,14,2,0,2,2,12,0,0,0,0,0,0
357,435,498,"87,35%",7162,2096,207,228,"90,79%",484,11,10,1,2,0,1,0,0,0,0,3,9
358,2,4,"50,00%",35,18,1,2,"50,00%",4,0,0,0,0,0,0,0,0,0,0,0,0
359,831,909,"91,42%",14527,5367,395,418,"94,50%",830,75,40,0,11,28,3,32,11,8,0,4,11
360,283,343,"82,51%",4550,1239,151,172,"87,79%",328,13,9,0,4,1,4,0,0,0,0,2,6
361,4,4,"100,00%",73,12,1,1,"100,00%",4,0,0,0,0,0,0,0,0,0,0,0,0
362,0,0,"0,00%",0,0,0,0,"0,00%",0,0,0,0,0,0,0,0,0,0,0,0,0
363,69,93,"74,19%",1053,205,39,47,"82,98%",83,8,1,0,0,10,1,3,0,0,0,2,1
364,212,288,"73,61%",3082,640,131,150,"87,33%",270,16,3,7,6,17,7,6,3,0,0,2,10
365,74,91,"81,32%",1064,255,34,40,"85,00%",88,3,1,0,0,2,2,0,0,0,0,0,1
366,97,121,"80,17%",1593,249,48,59,"81,36%",118,2,0,1,1,3,1,0,0,0,0,1,1
367,103,150,"68,67%",1612,522,44,56,"78,57%",123,24,4,0,1,20,7,10,7,0,0,3,8
368,252,270,"93,33%",4388,1123,100,102,"98,04%",266,4,1,0,2,0,3,0,0,0,0,0,2
369,1,1,"100,00%",14,1,1,1,"100,00%",1,0,0,0,0,0,0,0,0,0,0,0,0
370,0,0,"0,00%",0,0,0,0,"0,00%",0,0,0,0,0,0,0,0,0,0,0,0,0
371,229,274,"83,58%",3838,1378,116,137,"84,67%",266,7,7,1,0,2,0,0,0,0,0,1,5
372,175,250,"70,00%",3010,723,89,115,"77,39%",243,7,0,1,4,25,5,0,0,0,0,0,13
373,50,64,"78,13%",854,200,27,33,"81,82%",57,6,2,0,3,6,0,4,2,1,0,1,1
374,293,347,"84,44%",5476,1912,119,127,"93,70%",335,12,6,0,1,5,6,0,0,0,0,0,2
375,84,118,"71,19%",1533,460,37,45,"82,22%",85,32,5,0,0,9,24,3,2,0,1,1,4
376,127,164,"77,44%",1999,528,72,87,"82,76%",160,4,2,1,2,4,2,0,0,0,0,0,3
377,86,131,"65,65%",1084,265,57,75,"76,00%",124,5,0,5,0,6,0,0,0,0,0,2,5
378,88,97,"90,72%",1360,123,49,52,"94,23%",92,5,1,0,0,1,4,0,0,0,0,0,0
379,440,474,"92,83%",8734,2860,117,124,"94,35%",466,7,6,0,2,0,1,0,0,0,0,1,1
380,87,133,"65,41%",1175,301,51,73,"69,86%",122,11,2,1,0,10,3,5,1,4,0,0,8
381,172,253,"67,98%",4861,3636,32,32,"100,00%",150,103,27,0,0,0,0,0,0,0,0,0,0
382,272,363,"74,93%",4244,1882,149,171,"87,13%",299,64,14,0,8,9,50,0,0,0,0,0,14
383,98,117,"83,76%",1227,278,65,67,"97,01%",108,7,0,0,0,3,7,0,0,0,0,2,5
384,150,176,"85,23%",3508,2335,43,43,"100,00%",129,47,5,0,0,0,0,0,0,0,0,0,0
385,19,25,"76,00%",225,41,12,13,"92,31%",20,3,0,0,0,1,0,0,0,0,0,2,0
386,582,632,"92,09%",8792,2335,318,333,"95,50%",617,15,12,0,3,2,1,0,0,0,0,0,7
387,170,196,"86,73%",3232,1139,68,75,"90,67%",186,9,5,1,2,6,1,3,3,0,0,1,1
388,166,189,"87,83%",2527,693,90,99,"90,91%",184,3,2,0,2,1,0,0,0,0,0,2,1
389,135,177,"76,27%",3608,2373,21,21,"100,00%",142,34,9,0,1,0,0,0,0,0,0,1,0
390,2,3,"66,67%",27,0,1,2,"50,00%",3,0,0,0,0,0,0,0,0,0,0,0,0
391,112,158,"70,89%",1508,374,72,84,"85,71%",152,4,1,0,0,20,2,1,0,1,0,2,5
392,490,553,"88,61%",7970,2278,252,274,"91,97%",546,6,6,0,5,1,0,0,0,0,0,1,7
393,39,54,"72,22%",510,146,21,28,"75,00%",52,1,0,1,1,1,0,0,0,0,0,1,1
394,173,217,"79,72%",2847,774,81,95,"85,26%",209,4,2,0,3,2,2,0,0,0,0,4,1
395,41,43,"95,35%",612,412,24,24,"100,00%",32,11,2,0,0,0,0,0,0,0,0,0,0
396,6,7,"85,71%",65,12,4,5,"80,00%",7,0,0,0,0,0,0,0,0,0,0,0,0
397,51,71,"71,83%",708,136,30,38,"78,95%",71,0,0,0,0,6,0,0,0,0,0,0,5
398,275,319,"86,21%",4863,616,126,135,"93,33%",289,30,4,0,7,20,11,15,7,1,1,0,4
399,217,260,"83,46%",6186,4081,44,45,"97,78%",197,63,14,0,0,0,0,0,0,0,0,0,1
400,41,54,"75,93%",487,93,31,36,"86,11%",49,5,0,0,0,1,1,2,0,1,0,0,2
401,339,383,"88,51%",4996,1401,186,197,"94,42%",351,31,4,0,1,5,27,0,0,0,0,1,5
402,161,206,"78,16%",2502,711,93,108,"86,11%",198,7,0,4,0,5,4,0,0,0,0,1,10
403,161,182,"88,46%",3443,1100,41,46,"89,13%",170,12,6,1,2,1,1,0,0,0,0,0,1
404,141,164,"85,98%",2562,1039,51,53,"96,23%",162,2,2,0,1,0,0,0,0,0,0,0,1
405,253,288,"87,85%",5481,2093,75,81,"92,59%",281,6,6,0,2,1,0,0,0,0,0,1,1
406,2,4,"50,00%",36,16,0,1,"0,00%",4,0,0,0,0,0,0,0,0,0,0,0,0
407,3,4,"75,00%",45,18,2,3,"66,67%",4,0,0,0,0,0,0,0,0,0,0,0,0
408,429,503,"85,29%",5886,1607,254,277,"91,70%",479,24,8,2,3,25,5,11,5,3,0,0,10
409,78,104,"75,00%",1062,309,52,59,"88,14%",83,21,2,0,1,8,19,0,0,0,0,0,2
410,379,409,"92,67%",6240,2123,165,173,"95,38%",387,22,13,1,1,0,2,0,0,0,0,0,2
411,24,27,"88,89%",481,84,6,6,"100,00%",26,1,1,0,0,0,0,0,0,0,0,0,0
412,161,229,"70,31%",2557,664,86,116,"74,14%",213,15,0,2,0,3,0,0,0,0,0,1,8
413,21,40,"52,50%",208,55,14,25,"56,00%",39,1,0,0,0,2,0,0,0,0,0,0,1
414,96,125,"76,80%",1524,606,55,59,"93,22%",111,14,2,0,0,3,12,0,0,0,0,0,4
415,50,60,"83,33%",923,255,23,26,"88,46%",56,4,3,0,0,0,1,0,0,0,0,0,3
416,155,175,"88,57%",2923,1064,51,58,"87,93%",172,3,3,0,0,0,0,0,0,0,0,0,0
417,9,18,"50,00%",95,0,9,14,"64,29%",18,0,0,0,0,1,0,0,0,0,0,0,2
418,393,444,"88,51%",6943,2506,165,172,"95,93%",399,44,11,0,2,0,0,0,0,0,0,1,3
419,36,54,"66,67%",516,206,20,24,"83,33%",40,13,4,0,0,11,6,3,1,1,0,1,2
420,75,102,"73,53%",1002,195,47,59,"79,66%",94,3,0,3,0,0,0,0,0,0,0,5,1
421,260,312,"83,33%",3734,1351,159,171,"92,98%",271,40,4,0,1,8,36,0,0,0,0,1,5
422,211,280,"75,36%",2661,539,140,169,"82,84%",267,12,1,1,1,22,1,2,0,0,0,1,7
423,226,278,"81,29%",4143,1125,92,102,"90,20%",269,6,4,0,3,9,2,0,0,0,0,3,5
424,8,10,"80,00%",118,26,5,5,"100,00%",10,0,0,0,0,0,0,0,0,0,0,0,1
425,121,196,"61,73%",3431,2479,18,20,"90,00%",132,62,11,0,0,0,0,0,0,0,0,2,0
426,139,157,"88,54%",2182,640,71,78,"91,03%",155,1,1,0,0,1,0,0,0,0,0,1,3
427,115,152,"75,66%",1714,406,64,80,"80,00%",145,5,0,0,0,3,5,0,0,0,0,2,6
428,21,31,"67,74%",522,366,3,3,"100,00%",24,7,2,0,0,0,0,0,0,0,0,0,0
429,402,462,"87,01%",8841,2628,82,97,"84,54%",453,9,8,0,5,0,0,0,0,0,0,0,2
430,226,308,"73,38%",3679,1432,110,133,"82,71%",252,54,2,2,1,8,52,0,0,0,0,2,8
431,31,38,"81,58%",364,127,23,25,"92,00%",31,6,0,0,0,1,6,0,0,0,0,1,0
432,11,13,"84,62%",200,27,4,5,"80,00%",12,1,1,0,0,0,0,0,0,0,0,0,0
433,14,16,"87,50%",221,58,8,8,"100,00%",15,1,0,0,0,0,0,1,0,0,0,0,0
434,21,30,"70,00%",367,181,7,9,"77,78%",26,4,1,0,0,1,3,0,0,0,0,0,1
435,162,220,"73,64%",2328,789,103,120,"85,83%",183,36,2,1,4,12,33,1,0,1,0,1,11
436,23,25,"92,00%",544,240,5,5,"100,00%",21,4,1,0,0,0,0,0,0,0,0,0,0
437,289,304,"95,07%",4064,988,160,167,"95,81%",284,20,1,0,1,2,19,0,0,0,0,0,3
438,279,316,"88,29%",5884,3429,78,78,"100,00%",229,86,16,0,0,0,0,0,0,0,0,1,0
439,352,413,"85,23%",4722,1586,224,241,"92,95%",384,27,6,8,1,14,1,15,7,5,0,2,9
440,76,104,"73,08%",1277,366,34,40,"85,00%",96,8,0,0,0,9,8,0,0,0,0,0,2
441,202,259,"77,99%",3117,1036,109,127,"85,83%",218,40,3,1,0,11,37,0,0,0,0,1,6
442,165,198,"83,33%",4311,2722,32,32,"100,00%",145,52,8,0,0,0,0,0,0,0,0,1,0
443,237,324,"73,15%",7600,5992,33,34,"97,06%",216,107,31,0,1,0,0,0,0,0,0,1,0
444,64,87,"73,56%",984,163,29,36,"80,56%",82,4,0,0,1,3,0,0,0,0,0,1,2
445,422,489,"86,30%",7518,2742,185,197,"93,91%",446,41,16,2,8,2,2,0,0,0,0,2,7
446,124,153,"81,05%",2117,573,58,64,"90,63%",148,4,2,1,2,7,1,0,0,0,0,1,4
447,538,612,"87,91%",9633,3721,202,220,"91,82%",597,15,14,1,4,0,1,0,0,0,0,0,1
448,21,34,"61,76%",291,34,16,22,"72,73%",33,1,0,0,0,0,0,0,0,0,0,0,1
449,67,96,"69,79%",1065,283,35,43,"81,40%",92,3,1,0,3,5,0,2,1,1,0,1,5
450,255,285,"89,47%",5260,1473,88,93,"94,62%",270,14,11,0,8,3,1,0,0,0,0,1,1
451,308,384,"80,21%",5006,1358,157,180,"87,22%",376,6,3,1,3,8,2,1,1,0,0,2,17
452,27,44,"61,36%",345,78,14,20,"70,00%",44,0,0,0,0,3,0,0,0,0,0,0,1
453,526,598,"87,96%",7771,2324,298,320,"93,13%",566,32,14,3,6,21,1,14,3,6,0,0,3
454,190,224,"84,82%",3025,788,100,115,"86,96%",219,4,2,0,3,1,0,1,0,0,0,1,5
455,102,123,"82,93%",1716,215,48,57,"84,21%",107,15,0,0,1,2,1,0,0,0,0,1,2
456,148,183,"80,87%",2363,894,76,83,"91,57%",171,12,1,0,0,15,11,0,0,0,0,0,4
457,266,364,"73,08%",3952,1555,156,181,"86,19%",311,51,2,2,0,38,45,4,3,1,0,2,5
458,114,142,"80,28%",1820,721,55,59,"93,22%",124,17,5,0,0,7,12,0,0,0,0,1,2
459,111,139,"79,86%",1630,457,72,78,"92,31%",131,8,1,0,1,13,2,5,1,1,0,0,4
460,39,59,"66,10%",749,114,18,26,"69,23%",53,6,0,0,0,2,0,0,0,0,0,0,3
461,99,108,"91,67%",2033,641,34,36,"94,44%",106,2,2,0,1,1,0,0,0,0,0,0,1
462,41,63,"65,08%",620,120,19,27,"70,37%",57,6,0,1,2,1,1,0,0,0,0,0,4
463,116,149,"77,85%",2116,636,52,63,"82,54%",145,4,3,0,3,0,1,0,0,0,0,0,5
464,81,132,"61,36%",1213,529,45,60,"75,00%",115,16,2,0,0,10,14,0,0,0,0,1,9
465,35,43,"81,40%",511,184,19,23,"82,61%",39,3,0,0,0,1,0,0,0,0,0,1,2
466,217,272,"79,78%",3347,1060,130,145,"89,66%",253,15,3,1,4,21,4,7,0,6,0,4,6
467,37,61,"60,66%",486,125,26,33,"78,79%",58,2,0,0,1,4,2,0,0,0,0,1,2
468,14,24,"58,33%",166,55,11,14,"78,57%",24,0,0,1,0,3,0,0,0,0,0,0,3
469,111,154,"72,08%",1505,407,78,88,"88,64%",137,17,7,5,0,21,1,9,3,5,1,0,3
470,4,6,"66,67%",48,2,3,5,"60,00%",6,0,0,0,0,0,0,0,0,0,0,0,0
471,36,48,"75,00%",483,158,22,30,"73,33%",48,0,0,0,0,2,0,0,0,0,0,0,4
472,131,164,"79,88%",1920,509,76,88,"86,36%",158,6,2,0,1,3,1,0,0,0,0,0,2
473,30,45,"66,67%",376,56,13,19,"68,42%",44,1,0,0,0,0,0,0,0,0,0,0,0
474,191,219,"87,21%",2809,824,110,118,"93,22%",214,3,0,1,1,1,0,1,1,0,0,2,7
475,166,204,"81,37%",2541,709,104,113,"92,04%",184,19,2,0,0,5,17,0,0,0,0,1,3
476,346,412,"83,98%",5415,2128,170,187,"90,91%",400,12,9,0,1,1,3,0,0,0,0,0,5
477,286,314,"91,08%",4187,1471,160,173,"92,49%",278,36,4,0,1,0,32,0,0,0,0,0,5
478,85,112,"75,89%",1357,375,43,48,"89,58%",91,20,1,0,0,10,19,0,0,0,0,1,5
479,14,22,"63,64%",212,56,8,12,"66,67%",19,3,0,0,0,1,3,0,0,0,0,0,0
480,231,266,"86,84%",3248,864,128,136,"94,12%",260,5,4,3,3,1,0,0,0,0,0,1,4
481,159,218,"72,94%",2308,600,89,105,"84,76%",201,17,2,2,2,21,2,13,6,0,0,0,11
482,34,36,"94,44%",674,258,8,8,"100,00%",36,0,0,0,0,0,0,0,0,0,0,0,0
483,98,121,"80,99%",2661,1808,11,11,"100,00%",94,26,4,0,0,0,0,0,0,0,0,1,0
484,37,42,"88,10%",555,101,19,22,"86,36%",41,1,1,0,0,1,0,0,0,0,0,0,1
485,320,392,"81,63%",4477,1506,181,206,"87,86%",350,38,17,4,2,19,3,15,8,3,0,4,5
486,86,95,"90,53%",1570,587,32,33,"96,97%",95,0,0,1,1,0,0,0,0,0,0,0,0
487,123,187,"65,78%",2234,648,56,77,"72,73%",169,17,7,1,0,20,1,9,7,2,0,1,10
488,114,143,"79,72%",1609,418,67,78,"85,90%",126,15,0,0,0,6,15,0,0,0,0,2,2
489,211,233,"90,56%",2820,709,137,147,"93,20%",227,3,1,2,0,4,0,1,0,0,0,3,2
490,3,4,"75,00%",57,2,2,2,"100,00%",4,0,0,0,0,0,0,0,0,0,0,0,1
491,62,98,"63,27%",797,115,33,45,"73,33%",96,2,0,1,0,11,1,0,0,0,0,0,6
492,15,18,"83,33%",178,29,10,12,"83,33%",18,0,0,0,0,0,0,0,0,0,0,0,0
493,224,274,"81,75%",3784,995,113,132,"85,61%",254,20,5,2,1,11,2,7,2,2,0,0,4
494,79,113,"69,91%",2200,1716,16,16,"100,00%",74,38,4,0,0,0,0,0,0,0,0,1,0
495,11,13,"84,62%",169,5,6,6,"100,00%",12,0,0,0,0,0,0,0,0,0,0,1,0
496,4,6,"66,67%",89,14,1,1,"100,00%",6,0,0,0,0,0,0,0,0,0,0,0,0
497,271,337,"80,42%",5182,1576,104,121,"85,95%",280,54,6,0,5,3,48,0,0,0,0,3,9
498,50,73,"68,49%",737,143,27,35,"77,14%",72,0,0,0,1,4,0,0,0,0,0,1,2
499,329,395,"83,29%",4509,1534,199,218,"91,28%",328,67,11,0,3,7,56,0,0,0,0,0,10
500,18,32,"56,25%",386,122,7,12,"58,33%",29,3,1,1,0,3,0,2,0,1,0,0,1
501,407,525,"77,52%",11545,8251,84,84,"100,00%",405,120,32,0,1,0,0,0,0,0,0,0,0
502,232,274,"84,67%",4487,975,72,84,"85,71%",265,8,8,0,5,0,0,0,0,0,0,1,5
503,466,525,"88,76%",9417,2946,132,144,"91,67%",505,18,18,0,3,3,0,0,0,0,0,2,6
504,33,47,"70,21%",456,110,19,24,"79,17%",45,2,1,1,0,2,0,0,0,0,0,0,2
505,121,172,"70,35%",1736,531,67,79,"84,81%",151,21,3,2,1,16,3,13,3,3,0,0,9
506,50,52,"96,15%",1063,779,19,19,"100,00%",40,12,2,0,0,0,0,0,0,0,0,0,0
507,34,51,"66,67%",488,109,15,25,"60,00%",49,2,0,0,0,3,0,0,0,0,0,0,1
508,482,539,"89,42%",9577,3540,151,165,"91,52%",528,10,8,0,13,0,2,0,0,0,0,1,4
509,200,263,"76,05%",3372,1400,110,124,"88,71%",215,47,20,2,2,14,10,11,4,4,0,1,11
510,9,11,"81,82%",156,21,3,3,"100,00%",10,1,0,0,0,0,1,0,0,0,0,0,1
511,249,291,"85,57%",3579,972,131,147,"89,12%",281,10,10,1,4,1,0,0,0,0,0,0,4
512,61,79,"77,22%",1020,317,31,36,"86,11%",76,2,1,0,1,4,0,1,0,1,0,1,0
513,54,63,"85,71%",912,88,27,30,"90,00%",62,1,0,0,0,4,0,1,0,0,0,0,3
514,2,6,"33,33%",21,10,2,4,"50,00%",6,0,0,0,0,0,0,0,0,0,0,0,1
515,214,240,"89,17%",3999,1574,78,84,"92,86%",212,28,20,0,1,10,3,5,3,1,0,0,3
516,57,69,"82,61%",990,220,22,25,"88,00%",60,9,0,0,1,2,9,0,0,0,0,0,0
517,187,283,"66,08%",4479,3163,41,41,"100,00%",234,47,14,0,1,0,0,0,0,0,0,2,1
518,61,81,"75,31%",1085,210,31,40,"77,50%",76,5,0,0,1,0,0,0,0,0,0,0,1
519,13,17,"76,47%",133,47,10,11,"90,91%",16,1,0,0,0,1,0,1,0,0,0,0,0
520,520,576,"90,28%",8935,3418,227,242,"93,80%",530,45,15,2,4,6,30,0,0,0,0,1,2
521,153,219,"69,86%",2598,1189,74,90,"82,22%",211,8,8,0,3,1,0,0,0,0,0,0,6
522,46,58,"79,31%",674,189,27,30,"90,00%",55,2,2,0,1,5,0,0,0,0,0,1,2
523,253,287,"88,15%",4530,1008,116,127,"91,34%",279,8,1,3,6,3,2,0,0,0,0,0,2
524,78,118,"66,10%",1225,512,44,46,"95,65%",92,21,2,0,2,15,16,3,3,0,0,5,5
525,37,39,"94,87%",731,487,10,10,"100,00%",29,10,2,0,0,0,0,0,0,0,0,0,0
526,166,202,"82,18%",3272,1114,60,66,"90,91%",189,13,12,0,1,0,1,0,0,0,0,0,2
527,251,326,"76,99%",3982,1477,135,168,"80,36%",277,49,5,2,1,14,42,2,0,1,0,0,9
528,317,339,"93,51%",5238,1600,151,159,"94,97%",309,30,6,1,2,0,15,0,0,0,0,0,2
529,260,304,"85,53%",4370,1807,117,129,"90,70%",291,13,13,0,0,1,0,0,0,0,0,0,1
530,46,55,"83,64%",1142,813,7,7,"100,00%",45,10,1,0,0,0,0,0,0,0,0,0,0
531,189,284,"66,55%",3696,1112,70,91,"76,92%",221,62,6,0,4,54,41,15,11,3,0,1,7
532,121,139,"87,05%",2499,1377,41,46,"89,13%",128,11,4,0,1,0,3,0,0,0,0,0,0
533,131,197,"66,50%",2342,425,65,92,"70,65%",189,8,1,2,8,1,0,0,0,0,0,0,6
534,31,44,"70,45%",449,68,19,21,"90,48%",43,0,0,1,0,4,0,0,0,0,0,1,4
535,44,46,"95,65%",932,224,17,17,"100,00%",46,0,0,0,0,0,0,0,0,0,0,0,0
536,56,78,"71,79%",593,53,38,45,"84,44%",74,4,0,0,0,2,1,0,0,0,0,0,3
537,33,47,"70,21%",562,144,14,19,"73,68%",44,2,1,0,1,4,1,0,0,0,0,1,1
538,1,1,"100,00%",5,5,1,1,"100,00%",1,0,0,0,0,0,0,0,0,0,0,0,0
539,224,242,"92,56%",4380,1575,73,79,"92,41%",237,5,5,0,3,0,0,0,0,0,0,0,0
540,51,80,"63,75%",805,190,16,25,"64,00%",77,2,2,1,0,2,0,0,0,0,0,1,3
541,0,0,"0,00%",0,0,0,0,"0,00%",0,0,0,0,0,0,0,0,0,0,0,0,0
542,126,184,"68,48%",2184,790,68,78,"87,18%",168,14,4,2,3,25,2,8,6,0,0,2,6
543,162,234,"69,23%",3022,965,71,86,"82,56%",179,53,15,0,3,22,34,4,0,3,0,2,6
544,23,32,"71,88%",512,219,9,12,"75,00%",21,11,2,0,0,8,6,3,0,3,0,0,0
545,6,14,"42,86%",101,29,4,8,"50,00%",14,0,0,0,0,1,0,0,0,0,0,0,1
546,50,61,"81,97%",623,183,35,38,"92,11%",57,4,0,0,0,1,4,0,0,0,0,0,0
547,204,240,"85,00%",3127,808,113,125,"90,40%",235,5,2,1,0,8,3,0,0,0,0,0,5
548,207,245,"84,49%",3994,1059,83,96,"86,46%",238,6,4,1,6,4,1,0,0,0,0,1,7
549,97,143,"67,83%",1281,161,64,88,"72,73%",139,3,0,1,0,5,0,0,0,0,0,1,4
550,511,550,"92,91%",9316,2840,211,218,"96,79%",522,25,16,1,3,1,9,0,0,0,0,3,0
551,3,3,"100,00%",55,5,2,2,"100,00%",2,1,1,0,0,0,0,0,0,0,0,0,0
552,127,180,"70,56%",2418,665,53,64,"82,81%",155,24,7,1,0,30,2,15,11,4,0,1,3
553,83,108,"76,85%",1478,293,38,44,"86,36%",97,11,1,1,2,9,0,6,3,2,0,0,3
554,289,350,"82,57%",4313,1095,159,175,"90,86%",291,59,10,0,1,39,41,8,1,6,0,0,6
555,59,96,"61,46%",1062,451,26,46,"56,52%",95,1,0,1,0,9,1,0,0,0,0,0,3
556,295,334,"88,32%",5124,1613,129,141,"91,49%",309,25,7,0,0,0,18,0,0,0,0,0,4
557,35,37,"94,59%",576,132,20,20,"100,00%",34,3,1,0,0,1,2,0,0,0,0,0,0
558,106,130,"81,54%",1827,442,46,52,"88,46%",105,23,4,0,0,1,19,0,0,0,0,2,5
559,80,99,"80,81%",1068,249,50,55,"90,91%",92,7,2,0,0,4,0,0,0,0,0,0,4
560,132,170,"77,65%",1884,436,72,86,"83,72%",157,13,1,0,0,11,7,5,3,1,0,0,4
561,77,109,"70,64%",1053,330,38,51,"74,51%",108,1,0,1,1,1,0,0,0,0,0,0,7
562,159,194,"81,96%",2677,1003,73,78,"93,59%",163,31,11,0,2,13,20,0,0,0,0,0,7
563,5,5,"100,00%",83,9,2,2,"100,00%",5,0,0,0,0,0,0,0,0,0,0,0,0
564,173,189,"91,53%",2580,598,91,95,"95,79%",174,15,1,0,1,3,13,0,0,0,0,0,1
565,229,292,"78,42%",3723,1114,125,133,"93,98%",244,47,3,0,1,32,29,15,3,11,0,1,5
566,4,6,"66,67%",111,41,1,1,"100,00%",5,1,0,0,1,1,0,1,0,1,0,0,0
567,157,196,"80,10%",2332,622,93,107,"86,92%",191,5,5,1,0,2,0,0,0,0,0,0,6
568,912,993,"91,84%",16873,3553,373,397,"93,95%",976,16,14,0,12,3,2,0,0,0,0,1,13
569,312,366,"85,25%",3346,680,217,237,"91,56%",353,11,1,4,4,12,1,3,1,0,0,2,6
570,389,434,"89,63%",6596,2315,168,182,"92,31%",410,24,17,1,2,1,7,0,0,0,0,0,5
571,372,413,"90,07%",6521,1529,153,166,"92,17%",400,13,10,0,4,1,3,0,0,0,0,0,7
572,39,55,"70,91%",547,239,23,32,"71,88%",43,12,0,0,0,1,12,0,0,0,0,0,2
573,438,492,"89,02%",8805,3376,133,142,"93,66%",472,19,19,1,7,2,0,0,0,0,0,1,2
574,368,402,"91,54%",6752,2147,153,159,"96,23%",394,8,5,0,8,0,1,0,0,0,0,0,1
575,48,55,"87,27%",798,340,19,20,"95,00%",55,0,0,0,0,1,0,0,0,0,0,0,0
576,252,317,"79,50%",4175,1419,137,146,"93,84%",257,60,11,2,4,16,42,7,1,5,0,0,9
577,186,209,"89,00%",2518,807,118,126,"93,65%",198,11,1,1,1,0,10,0,0,0,0,0,3
578,12,15,"80,00%",130,26,8,10,"80,00%",13,2,0,0,0,1,0,0,0,0,0,0,0
579,37,65,"56,92%",1330,1037,4,4,"100,00%",46,19,3,0,0,0,0,0,0,0,0,0,0
580,2,3,"66,67%",45,29,1,2,"50,00%",2,1,0,0,0,0,1,0,0,0,0,0,0
581,128,149,"85,91%",1940,461,72,84,"85,71%",148,1,1,0,0,1,0,0,0,0,0,0,1
582,99,141,"70,21%",1464,327,54,72,"75,00%",127,13,0,0,0,13,10,0,0,0,0,1,1
583,36,52,"69,23%",498,119,23,26,"88,46%",48,4,0,0,0,8,2,0,0,0,0,0,6
584,182,223,"81,61%",2438,622,99,110,"90,00%",214,7,0,6,1,10,6,0,0,0,0,2,2
585,124,153,"81,05%",2437,852,38,42,"90,48%",153,0,0,0,1,1,0,0,0,0,0,0,1
586,102,106,"96,23%",1520,421,60,61,"98,36%",104,2,2,0,0,0,0,0,0,0,0,0,2
587,108,133,"81,20%",1551,212,66,75,"88,00%",124,9,1,1,2,5,0,0,0,0,0,0,5
588,11,19,"57,89%",197,62,4,6,"66,67%",18,0,0,0,0,1,0,0,0,0,0,1,0
589,0,0,"0,00%",0,0,0,0,"0,00%",0,0,0,0,0,0,0,0,0,0,0,0,0
590,175,196,"89,29%",3105,909,82,84,"97,62%",181,14,2,0,3,5,12,0,0,0,0,1,1
591,159,189,"84,13%",3020,791,64,73,"87,67%",184,4,3,0,3,0,0,0,0,0,0,1,2
592,215,258,"83,33%",3025,758,137,156,"87,82%",250,6,0,4,0,7,0,6,6,0,0,2,3
593,127,151,"84,11%",2248,366,61,67,"91,04%",117,34,5,0,2,12,25,4,0,3,1,0,3
594,221,305,"72,46%",3590,1297,111,128,"86,72%",235,70,6,0,1,8,62,2,2,0,0,0,6
595,10,12,"83,33%",117,23,6,6,"100,00%",12,0,0,0,0,0,0,0,0,0,0,0,0
596,17,26,"65,38%",224,77,7,8,"87,50%",20,6,1,0,0,5,0,5,0,5,0,0,3
597,183,205,"89,27%",3474,1251,65,65,"100,00%",196,9,6,0,1,1,3,0,0,0,0,0,2
598,74,94,"78,72%",1036,256,44,55,"80,00%",92,2,0,0,0,0,0,0,0,0,0,0,2
599,6,6,"100,00%",60,22,4,4,"100,00%",6,0,0,0,0,0,0,0,0,0,0,0,0
600,317,358,"88,55%",5336,1648,153,167,"91,62%",352,5,4,5,4,0,1,0,0,0,0,1,5
601,338,389,"86,89%",6492,2112,133,145,"91,72%",378,11,11,0,15,0,0,0,0,0,0,0,0
602,158,188,"84,04%",2883,1048,60,68,"88,24%",178,8,4,0,2,0,4,0,0,0,0,2,2
603,191,260,"73,46%",3144,1172,101,130,"77,69%",238,20,7,0,1,18,1,12,9,2,0,2,5
604,53,88,"60,23%",628,87,38,57,"66,67%",88,0,0,0,0,1,0,0,0,0,0,0,6
605,33,48,"68,75%",501,175,17,19,"89,47%",37,10,1,1,0,3,9,0,0,0,0,1,0
606,35,51,"68,63%",464,131,19,27,"70,37%",47,4,0,0,0,3,1,3,3,0,0,0,1
607,24,27,"88,89%",345,37,9,10,"90,00%",24,3,0,0,0,1,0,0,0,0,0,0,1
608,133,170,"78,24%",1738,361,78,92,"84,78%",151,18,1,3,0,3,3,0,0,0,0,1,5
609,528,574,"91,99%",11028,3748,152,158,"96,20%",556,18,15,0,3,0,3,0,0,0,0,0,3
610,553,626,"88,34%",9044,1814,284,306,"92,81%",603,22,8,0,4,19,12,2,0,0,0,1,16
611,264,318,"83,02%",3738,664,151,174,"86,78%",292,26,3,1,2,9,4,0,0,0,0,0,4
612,388,433,"89,61%",8161,3282,107,119,"89,92%",419,14,13,0,5,0,1,0,0,0,0,0,2
613,267,347,"76,95%",4320,1377,148,172,"86,05%",289,57,7,0,1,9,50,0,0,0,0,1,8
614,48,67,"71,64%",589,78,30,38,"78,95%",66,1,0,0,0,4,0,0,0,0,0,0,3
615,3,5,"60,00%",40,1,2,4,"50,00%",5,0,0,0,0,0,0,0,0,0,0,0,0
616,108,123,"87,80%",1659,548,54,56,"96,43%",121,2,1,0,0,2,1,0,0,0,0,0,0
617,174,197,"88,32%",2958,1131,78,80,"97,50%",192,5,5,0,5,1,0,0,0,0,0,0,1
618,68,99,"68,69%",1228,440,37,46,"80,43%",88,11,4,0,0,20,2,5,5,0,0,0,4
619,314,344,"91,28%",5695,1678,122,128,"95,31%",320,23,10,0,0,0,13,0,0,0,0,1,4
620,38,51,"74,51%",943,317,7,11,"63,64%",47,4,4,0,1,0,0,0,0,0,0,0,1
621,43,59,"72,88%",685,347,21,25,"84,00%",44,15,2,0,0,7,12,1,1,0,0,0,1
622,62,70,"88,57%",946,242,29,35,"82,86%",68,2,1,0,0,2,0,1,0,1,0,0,0
623,114,132,"86,36%",2292,988,34,38,"89,47%",126,6,6,0,0,0,0,0,0,0,0,0,0
624,130,152,"85,53%",3006,1774,27,27,"100,00%",126,26,8,0,0,0,0,0,0,0,0,0,2
625,17,18,"94,44%",291,42,8,9,"88,89%",16,2,1,0,0,0,1,0,0,0,0,0,0
626,372,440,"84,55%",6227,1940,178,199,"89,45%",426,14,14,2,2,1,0,0,0,0,0,0,9
627,166,221,"75,11%",2510,704,92,109,"84,40%",217,2,1,0,2,7,0,1,0,0,0,2,7
628,45,56,"80,36%",765,217,24,27,"88,89%",53,3,0,0,1,4,3,0,0,0,0,0,2
629,0,0,"0,00%",0,0,0,0,"0,00%",0,0,0,0,0,0,0,0,0,0,0,0,0
630,103,117,"88,03%",1900,703,37,38,"97,37%",113,4,4,0,0,0,0,0,0,0,0,0,1
631,76,100,"76,00%",1205,294,38,46,"82,61%",99,1,1,0,2,0,0,0,0,0,0,0,1
632,92,141,"65,25%",3540,3089,8,8,"100,00%",89,52,12,0,0,0,0,0,0,0,0,0,0
633,283,309,"91,59%",4642,1449,129,137,"94,16%",279,30,1,0,1,2,29,0,0,0,0,0,6
634,52,54,"96,30%",971,354,25,26,"96,15%",53,1,1,0,0,0,0,0,0,0,0,0,0
635,3,6,"50,00%",20,4,2,2,"100,00%",6,0,0,0,0,0,0,0,0,0,0,0,0
636,240,277,"86,64%",3836,1171,134,138,"97,10%",264,13,10,0,5,0,3,0,0,0,0,0,6
637,210,269,"78,07%",2673,723,139,157,"88,54%",256,11,2,2,0,15,5,4,4,0,0,2,12
638,387,430,"90,00%",6530,1439,185,194,"95,36%",408,20,1,0,3,3,19,0,0,0,0,2,5
639,151,199,"75,88%",2174,612,73,86,"84,88%",182,15,1,4,1,3,0,3,0,1,0,2,7
640,277,315,"87,94%",4431,1194,151,164,"92,07%",305,9,5,6,0,1,1,0,0,0,0,1,2
641,461,512,"90,04%",8854,2553,186,196,"94,90%",491,21,18,1,15,0,3,0,0,0,0,0,3
642,171,208,"82,21%",3026,1331,79,88,"89,77%",184,24,2,0,1,4,22,0,0,0,0,0,3
643,82,100,"82,00%",1257,318,48,55,"87,27%",91,7,1,1,2,4,3,1,0,0,0,2,2
644,256,295,"86,78%",5069,1649,73,77,"94,81%",286,9,9,0,1,0,0,0,0,0,0,0,3
645,15,20,"75,00%",202,54,8,9,"88,89%",18,2,0,0,0,1,1,0,0,0,0,0,0
646,271,308,"87,99%",5119,1728,101,107,"94,39%",301,7,7,0,1,1,0,0,0,0,0,0,1
647,89,103,"86,41%",2238,1422,11,11,"100,00%",80,23,4,0,1,0,0,0,0,0,0,0,0
648,268,333,"80,48%",4228,1190,143,161,"88,82%",292,38,11,0,4,29,10,17,6,10,0,3,5
649,52,73,"71,23%",821,411,28,34,"82,35%",53,18,4,0,0,9,12,2,1,0,1,2,2
650,161,208,"77,40%",2576,769,75,92,"81,52%",197,10,1,3,0,10,4,5,0,3,0,1,5
651,317,350,"90,57%",5983,1881,114,121,"94,21%",342,6,6,2,1,0,0,0,0,0,0,2,1
652,16,18,"88,89%",244,70,6,7,"85,71%",16,2,1,0,0,0,1,0,0,0,0,0,0
653,257,282,"91,13%",5018,2031,95,104,"91,35%",268,13,8,1,2,0,4,0,0,0,0,1,0
654,129,177,"72,88%",1624,449,91,110,"82,73%",171,3,1,3,0,1,0,0,0,0,0,3,6
655,136,173,"78,61%",4027,2722,19,20,"95,00%",127,46,13,0,1,0,0,0,0,0,0,0,0
656,257,330,"77,88%",4037,1101,126,141,"89,36%",280,49,8,0,3,33,41,0,0,0,0,1,8
657,196,289,"67,82%",3275,1193,94,116,"81,03%",206,78,13,1,1,22,57,8,0,8,0,5,5
658,338,399,"84,71%",5431,2023,155,172,"90,12%",339,59,6,0,0,8,52,1,0,0,0,1,9
659,205,240,"85,42%",2936,942,121,135,"89,63%",228,8,3,1,0,6,4,1,0,0,0,4,2
660,88,113,"77,88%",1422,337,42,48,"87,50%",91,22,0,0,0,2,22,0,0,0,0,0,4
661,15,27,"55,56%",209,81,10,11,"90,91%",27,0,0,0,0,3,0,0,0,0,0,0,3
662,349,375,"93,07%",5648,1720,170,180,"94,44%",369,6,6,2,2,0,0,0,0,0,0,0,3
663,35,46,"76,09%",560,60,18,22,"81,82%",43,3,0,0,0,4,2,0,0,0,0,0,1
664,181,242,"74,79%",2923,838,88,104,"84,62%",186,56,9,0,0,27,38,9,1,8,0,0,5
665,149,162,"91,98%",3810,2529,34,35,"97,14%",125,37,9,0,0,0,0,0,0,0,0,0,0
666,32,43,"74,42%",635,256,7,8,"87,50%",40,3,0,0,0,0,3,0,0,0,0,0,1
667,145,171,"84,80%",3128,974,35,41,"85,37%",166,4,4,0,1,0,0,0,0,0,0,1,2
668,55,71,"77,46%",1242,597,14,15,"93,33%",63,8,6,0,2,0,0,0,0,0,0,0,0
669,40,57,"70,18%",496,86,29,36,"80,56%",56,1,0,0,0,1,1,0,0,0,0,0,3
670,393,420,"93,57%",6541,2200,161,167,"96,41%",406,13,11,0,1,1,1,0,0,0,0,1,0
671,443,515,"86,02%",9183,2899,127,142,"89,44%",491,23,13,1,3,1,2,0,0,0,0,1,4
672,375,514,"72,96%",6903,2219,154,181,"85,08%",435,75,42,4,4,47,5,26,13,10,0,4,14
673,70,78,"89,74%",991,184,43,46,"93,48%",78,0,0,0,0,0,0,0,0,0,0,0,0
674,66,78,"84,62%",863,121,42,46,"91,30%",75,3,1,0,0,1,1,0,0,0,0,0,3
675,5,6,"83,33%",80,22,3,3,"100,00%",5,1,0,0,0,1,0,1,0,1,0,0,0
676,146,227,"64,32%",3666,2491,45,45,"100,00%",164,62,20,0,1,0,0,0,0,0,0,1,0
677,91,120,"75,83%",1248,257,62,75,"82,67%",112,8,3,0,0,5,1,2,0,2,0,0,7
678,200,260,"76,92%",4730,3301,56,56,"100,00%",196,63,9,0,1,0,0,0,0,0,0,1,0
679,170,239,"71,13%",3077,1133,70,84,"83,33%",164,75,7,0,0,44,48,20,5,15,0,0,8
680,67,83,"80,72%",943,174,38,41,"92,68%",72,11,0,0,0,6,2,5,1,3,0,0,1
681,266,333,"79,88%",4935,2006,100,114,"87,72%",318,15,13,0,1,1,2,0,0,0,0,0,4
682,31,50,"62,00%",1282,1109,0,0,"0,00%",26,24,11,0,0,0,0,0,0,0,0,0,0
683,201,238,"84,45%",3424,621,80,95,"84,21%",229,8,6,0,2,1,1,0,0,0,0,1,2
684,123,187,"65,78%",2125,1041,58,72,"80,56%",139,48,3,0,0,11,42,3,3,0,0,0,4
685,102,116,"87,93%",2202,1318,26,26,"100,00%",90,26,5,0,0,0,0,0,0,0,0,0,0
686,80,97,"82,47%",1483,374,41,44,"93,18%",78,18,6,0,4,7,6,6,1,0,1,1,1
687,550,605,"90,91%",11966,4182,135,144,"93,75%",587,17,14,0,8,0,3,0,0,0,0,1,4
688,266,328,"81,10%",4464,1504,138,155,"89,03%",306,20,11,0,2,3,9,0,0,0,0,2,5
689,16,17,"94,12%",317,101,3,3,"100,00%",16,1,0,0,1,0,0,0,0,0,0,0,1
690,501,576,"86,98%",7233,1770,319,342,"93,27%",569,7,5,3,11,20,2,0,0,0,0,0,12
691,439,505,"86,93%",8146,3353,163,182,"89,56%",493,12,11,0,5,0,1,0,0,0,0,0,2
692,378,452,"83,63%",6766,1523,171,196,"87,24%",434,17,15,2,15,2,2,0,0,0,0,1,9
693,133,159,"83,65%",2706,833,34,39,"87,18%",151,8,6,0,3,1,1,0,0,0,0,0,0
694,145,159,"91,19%",2141,430,79,82,"96,34%",141,18,1,0,3,9,17,0,0,0,0,0,0
695,362,411,"88,08%",6654,1914,134,148,"90,54%",383,26,15,0,2,15,3,8,2,5,0,2,2
696,3,4,"75,00%",61,20,0,0,"0,00%",4,0,0,0,0,0,0,0,0,0,0,0,0
697,11,17,"64,71%",142,70,6,7,"85,71%",16,1,0,0,0,2,1,0,0,0,0,0,2
698,639,690,"92,61%",9162,2894,353,369,"95,66%",641,47,44,1,2,1,3,0,0,0,0,2,6
699,398,436,"91,28%",5761,1393,225,241,"93,36%",432,3,2,0,1,2,0,0,0,0,0,1,8
700,196,264,"74,24%",5094,3375,44,44,"100,00%",183,80,16,0,0,0,0,0,0,0,0,1,1
701,65,91,"71,43%",1095,89,27,37,"72,97%",75,14,0,0,0,2,0,0,0,0,0,2,2
702,99,135,"73,33%",1671,409,49,56,"87,50%",106,29,2,0,1,14,2,6,1,4,0,0,2
703,64,77,"83,12%",1156,254,21,22,"95,45%",73,3,1,0,0,0,0,0,0,0,0,1,0
704,152,191,"79,58%",2598,801,74,88,"84,09%",167,24,0,0,0,5,24,0,0,0,0,0,4
705,18,21,"85,71%",245,29,10,10,"100,00%",18,3,0,0,0,1,3,0,0,0,0,0,0
706,55,58,"94,83%",1162,439,13,14,"92,86%",56,2,2,0,0,0,0,0,0,0,0,0,0
707,88,106,"83,02%",1428,473,48,50,"96,00%",89,17,3,0,0,8,11,3,3,0,0,0,2
708,178,230,"77,39%",2322,571,109,129,"84,50%",221,8,1,4,1,3,3,1,0,0,0,1,9
709,42,49,"85,71%",547,212,24,27,"88,89%",48,1,0,0,0,3,1,0,0,0,0,0,0
710,30,35,"85,71%",457,65,19,21,"90,48%",31,4,0,0,0,1,4,0,0,0,0,0,0
711,322,344,"93,60%",5315,1752,152,161,"94,41%",336,8,7,0,1,0,1,0,0,0,0,0,2
712,32,72,"44,44%",551,326,14,25,"56,00%",46,26,0,0,0,9,26,0,0,0,0,0,2
713,73,98,"74,49%",1018,294,47,55,"85,45%",80,18,2,0,0,9,16,0,0,0,0,0,3
714,25,37,"67,57%",297,69,17,21,"80,95%",37,0,0,0,0,2,0,0,0,0,0,0,1
715,29,39,"74,36%",403,65,16,20,"80,00%",36,3,0,0,0,1,0,0,0,0,0,0,1
716,39,50,"78,00%",579,287,26,29,"89,66%",39,11,1,0,0,4,10,0,0,0,0,0,1
717,30,38,"78,95%",358,55,19,21,"90,48%",36,2,1,2,0,2,1,0,0,0,0,0,1
718,42,44,"95,45%",761,144,22,22,"100,00%",43,1,1,0,1,0,0,0,0,0,0,0,0
719,344,405,"84,94%",5060,1271,187,206,"90,78%",393,9,8,5,0,1,1,0,0,0,0,3,8
720,6,8,"75,00%",116,32,2,2,"100,00%",8,0,0,0,0,3,0,0,0,0,0,0,1
721,65,71,"91,55%",999,311,37,38,"97,37%",68,2,2,0,0,0,0,0,0,0,0,1,0
722,25,34,"73,53%",283,65,16,17,"94,12%",33,0,0,0,0,0,0,0,0,0,0,1,1
723,302,366,"82,51%",4351,1050,174,187,"93,05%",322,44,11,5,0,33,0,27,9,11,0,0,7
724,59,88,"67,05%",939,246,32,38,"84,21%",81,6,1,0,1,18,1,4,2,1,0,1,3
725,81,104,"77,88%",1294,348,42,54,"77,78%",98,6,0,2,0,0,2,0,0,0,0,0,2
726,33,36,"91,67%",453,95,20,22,"90,91%",36,0,0,0,0,0,0,0,0,0,0,0,0
727,0,0,"0,00%",0,0,0,0,"0,00%",0,0,0,0,0,0,0,0,,,,,
