ID,Toques,Def. pen.,3.º def.,3.º cent.,3.º ataq.,Ataq. pen.,Balón vivo,Regates intentados,Regates completados,Porcent_regates,Defensa al regate,Porcent_defensa al regate,Conducciones,Distancia total conducciones,Distancia traslado progresivo,Distancia traslado progresivo,Conducciones ultimo 1/3,Conducciones al area,Error control,Perdida balon,Pases recibidos,Pases progresivos recibidos
1,81,1,6,20,56,9,81,4,1,"25,00%",1,"25,00%",68,375,181,6,6,2,5,9,66,23
2,44,1,13,24,7,0,44,0,0,"0,00%",0,"0,00%",16,60,25,0,0,0,1,2,21,0
3,280,1,52,153,83,7,280,13,7,"53,85%",4,"30,77%",209,1128,469,6,7,0,6,6,210,20
4,662,90,333,307,24,6,662,2,1,"50,00%",1,"50,00%",385,1786,894,8,6,1,3,0,439,1
5,126,12,56,41,30,0,126,4,1,"25,00%",3,"75,00%",64,270,128,4,1,0,4,5,62,8
6,87,4,16,34,38,11,87,4,1,"25,00%",3,"75,00%",52,225,54,1,0,1,8,6,56,11
7,235,216,235,0,0,0,235,0,0,"0,00%",0,"0,00%",131,597,344,0,0,0,0,0,119,0
8,199,6,59,99,42,7,199,6,1,"16,67%",5,"83,33%",109,455,180,3,1,0,7,2,115,6
9,167,4,39,43,87,22,167,26,10,"38,46%",14,"53,85%",113,891,518,23,10,13,10,6,109,31
10,85,0,9,28,49,8,85,4,1,"25,00%",3,"75,00%",46,264,159,7,3,2,2,2,62,15
11,915,38,309,520,90,13,915,2,1,"50,00%",1,"50,00%",587,2697,1541,10,13,1,5,1,701,8
12,641,26,176,393,78,3,641,3,2,"66,67%",1,"33,33%",414,1821,1180,9,10,0,1,1,506,9
13,537,58,222,231,90,8,537,3,3,"100,00%",0,"0,00%",339,1463,741,8,8,3,6,2,394,26
14,5,0,0,3,2,0,5,0,0,"0,00%",0,"0,00%",3,6,0,0,0,0,2,2,6,1
15,192,5,28,103,62,8,192,1,0,"0,00%",1,"100,00%",153,508,261,4,5,1,0,2,149,23
16,269,5,47,153,73,2,269,4,2,"50,00%",1,"25,00%",137,717,329,3,10,2,5,7,183,3
17,588,10,148,273,172,15,588,9,5,"55,56%",4,"44,44%",307,1224,584,11,7,0,11,2,355,33
18,58,5,16,32,10,0,58,1,0,"0,00%",1,"100,00%",38,182,40,0,0,0,4,2,39,0
19,54,0,3,25,27,3,54,6,2,"33,33%",3,"50,00%",31,212,81,4,1,0,2,2,30,6
20,284,219,282,2,0,0,284,1,1,"100,00%",0,"0,00%",170,822,497,0,0,0,0,0,178,0
21,468,37,148,247,75,7,468,4,2,"50,00%",2,"50,00%",310,1743,968,8,9,0,3,2,325,12
22,32,4,16,10,6,1,32,2,1,"50,00%",1,"50,00%",15,72,22,0,0,0,0,2,11,0
23,450,35,149,253,50,17,450,3,1,"33,33%",2,"66,67%",266,1125,518,4,5,1,6,3,307,4
24,166,1,11,49,106,25,166,10,3,"30,00%",7,"70,00%",112,430,170,7,5,5,7,6,134,36
25,90,2,27,44,20,2,90,3,1,"33,33%",2,"66,67%",44,215,103,2,5,1,5,1,63,7
26,257,17,83,150,24,3,257,0,0,"0,00%",0,"0,00%",95,485,227,3,1,0,0,0,153,1
27,6,1,4,1,1,0,6,0,0,"0,00%",0,"0,00%",3,13,3,0,0,0,0,0,4,1
28,17,3,9,4,4,0,17,0,0,"0,00%",0,"0,00%",10,33,13,0,1,1,0,0,9,0
29,169,6,42,100,29,1,169,0,0,"0,00%",0,"0,00%",72,301,137,0,3,0,0,0,125,0
30,9,0,0,2,7,3,9,0,0,"0,00%",0,"0,00%",6,27,19,0,1,0,0,0,8,5
31,63,8,28,32,3,1,63,0,0,"0,00%",0,"0,00%",41,320,259,0,0,0,1,0,47,0
32,112,3,20,50,42,7,112,1,0,"0,00%",1,"100,00%",58,210,92,1,0,0,6,1,65,9
33,127,4,24,54,50,5,127,6,4,"66,67%",2,"33,33%",67,340,194,5,3,1,7,2,91,14
34,288,233,283,5,0,0,288,0,0,"0,00%",0,"0,00%",202,914,542,0,0,0,0,0,152,0
35,57,3,10,32,16,4,57,4,2,"50,00%",1,"25,00%",33,242,138,5,0,2,1,6,41,9
36,237,2,19,98,122,16,237,3,1,"33,33%",1,"33,33%",138,818,373,12,7,3,5,3,185,15
37,88,11,26,43,19,1,88,1,1,"100,00%",0,"0,00%",44,241,73,0,1,0,1,1,51,2
38,163,2,13,63,88,11,163,10,3,"30,00%",5,"50,00%",119,609,276,6,10,3,9,5,118,28
39,140,1,8,59,73,28,140,0,0,"0,00%",0,"0,00%",96,437,188,8,7,4,12,5,103,31
40,7,0,0,3,4,0,7,0,0,"0,00%",0,"0,00%",4,21,14,0,1,0,0,0,5,1
41,433,14,68,228,139,29,433,9,4,"44,44%",4,"44,44%",277,1336,577,12,10,3,8,2,307,45
42,3,0,0,1,2,0,3,1,1,"100,00%",0,"0,00%",2,28,16,1,1,0,0,0,3,1
43,312,12,83,175,57,2,312,4,1,"25,00%",1,"25,00%",207,870,477,4,6,1,2,0,222,15
44,32,1,5,19,8,2,32,0,0,"0,00%",0,"0,00%",16,42,25,0,0,0,1,0,23,3
45,607,24,151,296,165,9,607,17,8,"47,06%",8,"47,06%",355,1808,1078,16,23,0,7,0,390,34
46,238,20,101,134,3,0,238,2,1,"50,00%",0,"0,00%",180,962,414,0,1,0,2,1,156,0
47,95,1,16,57,24,0,95,2,1,"50,00%",1,"50,00%",52,275,66,0,1,0,3,2,68,1
48,252,11,74,104,74,9,252,10,5,"50,00%",3,"30,00%",133,604,303,9,7,3,8,3,172,32
49,162,3,38,64,62,6,162,8,5,"62,50%",2,"25,00%",115,708,414,15,8,2,5,5,121,17
50,420,24,133,254,37,6,420,1,0,"0,00%",0,"0,00%",314,1596,869,6,14,0,6,1,277,3
51,89,3,19,54,16,2,89,2,1,"50,00%",1,"50,00%",58,239,91,3,1,0,1,1,51,7
52,8,0,1,5,2,1,8,0,0,"0,00%",0,"0,00%",5,52,50,4,1,1,0,0,4,2
53,35,1,4,15,17,3,35,5,2,"40,00%",2,"40,00%",21,115,49,1,0,1,3,1,23,7
54,537,17,111,233,204,20,537,18,8,"44,44%",8,"44,44%",340,2153,1259,36,31,3,27,12,357,37
55,302,20,114,132,61,0,302,2,0,"0,00%",2,"100,00%",158,595,240,5,4,0,1,2,188,13
56,5,0,1,2,2,0,5,0,0,"0,00%",0,"0,00%",4,29,8,0,0,0,0,0,4,0
57,8,0,0,4,4,0,8,2,1,"50,00%",1,"50,00%",8,30,16,1,0,0,0,2,10,0
58,506,69,258,220,31,2,506,13,5,"38,46%",3,"23,08%",321,1267,625,3,1,0,5,1,356,8
59,37,0,0,17,21,5,37,1,0,"0,00%",0,"0,00%",30,209,59,2,1,0,3,4,30,5
60,710,114,354,281,76,6,710,5,2,"40,00%",1,"20,00%",423,2033,1293,18,22,0,5,3,479,21
61,240,39,136,101,3,3,240,0,0,"0,00%",0,"0,00%",157,899,466,1,2,0,1,0,145,0
62,47,0,8,25,14,2,47,5,0,"0,00%",2,"40,00%",35,268,132,3,0,0,4,1,34,5
63,69,3,29,16,24,2,69,3,1,"33,33%",0,"0,00%",37,292,131,4,3,0,4,1,45,5
64,116,8,21,67,30,3,116,1,0,"0,00%",1,"100,00%",64,308,161,3,5,0,7,1,75,7
65,462,23,91,247,125,28,462,31,11,"35,48%",16,"51,61%",305,1727,801,16,6,5,18,12,334,22
66,436,12,84,274,84,2,436,25,13,"52,00%",8,"32,00%",243,1373,589,9,5,0,19,15,261,9
67,417,13,83,271,68,5,417,8,6,"75,00%",1,"12,50%",258,1257,580,11,8,0,6,3,302,7
68,398,8,30,145,226,47,398,17,7,"41,18%",9,"52,94%",238,1041,355,12,7,10,11,8,325,44
69,320,4,26,166,129,7,320,5,1,"20,00%",3,"60,00%",210,888,377,6,14,0,9,2,230,15
70,246,0,15,103,131,19,245,14,5,"35,71%",7,"50,00%",193,1072,600,12,10,4,6,9,203,49
71,9,0,2,5,2,0,9,2,1,"50,00%",1,"50,00%",5,42,11,0,0,0,0,0,4,1
72,110,20,62,45,4,4,110,0,0,"0,00%",0,"0,00%",43,167,58,0,0,0,0,0,37,0
73,223,6,70,104,50,2,223,2,0,"0,00%",1,"50,00%",179,848,287,0,9,0,1,2,169,18
74,308,21,129,120,62,3,308,8,1,"12,50%",5,"62,50%",139,865,396,6,3,0,0,2,181,19
75,87,8,34,45,11,0,87,4,3,"75,00%",1,"25,00%",29,109,36,0,0,0,2,2,38,0
76,86,4,25,53,8,0,86,1,0,"0,00%",1,"100,00%",61,324,101,1,1,0,3,0,58,0
77,280,207,278,2,0,0,280,0,0,"0,00%",0,"0,00%",199,670,252,0,0,0,0,0,191,0
78,383,18,107,202,75,4,383,5,1,"20,00%",3,"60,00%",224,655,343,2,2,1,3,4,260,13
79,28,0,1,13,14,3,28,0,0,"0,00%",0,"0,00%",22,138,86,3,3,1,2,2,23,6
80,91,11,45,44,2,0,91,0,0,"0,00%",0,"0,00%",57,379,213,0,0,0,0,0,74,0
81,406,104,291,114,1,1,406,1,1,"100,00%",0,"0,00%",269,1061,480,2,0,0,1,1,303,0
82,319,19,146,149,26,5,319,6,1,"16,67%",3,"50,00%",208,1099,561,7,5,0,4,5,238,5
83,338,62,162,170,6,1,338,3,2,"66,67%",1,"33,33%",218,863,418,0,0,0,1,0,232,0
84,26,0,5,8,15,2,26,5,2,"40,00%",3,"60,00%",19,267,147,8,4,1,2,0,18,7
85,95,1,8,49,38,9,95,6,1,"16,67%",5,"83,33%",60,333,101,3,3,1,5,4,71,10
86,224,180,222,2,0,0,224,0,0,"0,00%",0,"0,00%",131,621,264,0,0,0,1,0,123,0
87,97,18,65,30,3,1,97,0,0,"0,00%",0,"0,00%",67,254,96,0,1,0,0,0,59,0
88,293,6,35,131,133,14,293,17,10,"58,82%",7,"41,18%",171,1076,559,19,13,4,5,7,209,28
89,181,33,101,74,8,3,181,1,1,"100,00%",0,"0,00%",118,449,231,0,2,0,3,1,119,2
90,31,0,0,19,12,4,31,0,0,"0,00%",0,"0,00%",17,60,6,0,2,0,4,0,20,4
91,48,1,1,17,30,5,48,3,1,"33,33%",2,"66,67%",38,265,67,2,4,2,6,11,38,11
92,479,25,154,246,84,3,479,9,5,"55,56%",4,"44,44%",301,1478,539,9,12,1,5,9,333,11
93,166,4,47,80,41,3,166,5,4,"80,00%",1,"20,00%",94,454,218,3,2,0,7,10,108,7
94,222,9,46,87,91,14,222,33,9,"27,27%",17,"51,52%",157,1270,598,22,7,7,12,10,138,35
95,27,4,6,19,2,0,27,0,0,"0,00%",0,"0,00%",18,56,23,0,0,0,0,0,19,0
96,188,3,21,110,58,5,188,4,1,"25,00%",0,"0,00%",86,271,146,2,2,0,3,1,113,5
97,80,4,31,29,20,0,80,1,0,"0,00%",0,"0,00%",29,176,97,5,3,0,1,2,28,5
98,23,1,4,9,10,0,23,5,0,"0,00%",4,"80,00%",16,64,21,0,2,0,3,0,14,3
99,11,0,1,3,7,1,11,0,0,"0,00%",0,"0,00%",8,29,18,0,0,0,0,1,7,3
100,387,22,134,187,68,2,387,4,2,"50,00%",2,"50,00%",179,919,504,8,7,0,1,0,217,17
101,530,16,135,255,144,5,530,9,4,"44,44%",2,"22,22%",295,1328,631,10,6,1,10,11,330,27
102,564,21,161,302,104,8,564,15,7,"46,67%",2,"13,33%",331,2020,1041,18,16,3,17,9,409,15
103,374,20,131,216,32,2,374,8,5,"62,50%",2,"25,00%",218,1163,568,6,7,1,14,5,234,2
104,121,2,27,56,40,0,121,6,4,"66,67%",2,"33,33%",89,517,205,4,1,0,1,0,78,10
105,464,7,72,212,183,7,464,8,3,"37,50%",3,"37,50%",286,1221,630,15,13,2,7,2,353,41
106,128,6,26,56,48,9,128,4,0,"0,00%",3,"75,00%",64,368,200,4,6,0,7,4,59,8
107,4,0,0,4,0,0,4,0,0,"0,00%",0,"0,00%",3,9,0,0,0,0,2,0,4,0
108,246,28,143,95,9,6,246,1,1,"100,00%",0,"0,00%",172,685,364,1,0,0,1,0,177,1
109,248,48,154,84,10,5,248,0,0,"0,00%",0,"0,00%",158,712,309,0,0,0,0,0,161,2
110,338,43,166,119,54,7,338,7,5,"71,43%",2,"28,57%",194,767,392,5,2,1,3,0,244,20
111,236,0,29,75,136,14,235,20,8,"40,00%",10,"50,00%",141,1041,492,21,10,7,13,6,149,46
112,331,29,114,209,9,2,331,0,0,"0,00%",0,"0,00%",271,1425,901,6,3,0,2,0,267,0
113,721,37,221,299,204,9,721,10,0,"0,00%",8,"80,00%",390,1556,724,12,11,0,6,2,481,35
114,78,1,7,34,38,5,78,4,2,"50,00%",2,"50,00%",49,250,126,5,3,2,5,2,55,4
115,33,2,6,28,0,0,33,0,0,"0,00%",0,"0,00%",19,55,12,0,0,0,0,1,25,0
116,100,2,25,59,16,3,100,7,5,"71,43%",2,"28,57%",61,333,123,2,2,0,1,1,77,3
117,38,0,9,22,8,1,38,0,0,"0,00%",0,"0,00%",20,89,44,0,1,0,0,1,24,0
118,32,4,14,18,0,0,32,0,0,"0,00%",0,"0,00%",25,113,30,0,0,0,1,0,25,0
119,346,36,143,183,22,6,346,2,1,"50,00%",0,"0,00%",247,988,640,6,8,0,4,0,248,1
120,7,0,4,2,1,0,7,0,0,"0,00%",0,"0,00%",3,9,5,0,0,0,0,0,3,0
121,313,3,36,152,131,15,312,11,4,"36,36%",5,"45,45%",218,1024,530,17,14,2,15,7,224,44
122,12,0,0,1,11,2,12,0,0,"0,00%",0,"0,00%",9,50,29,1,0,0,0,0,8,5
123,436,14,87,187,173,14,436,12,6,"50,00%",3,"25,00%",294,1305,758,15,15,1,15,3,302,39
124,333,11,63,192,80,8,333,12,7,"58,33%",3,"25,00%",230,1221,614,9,9,0,3,4,245,12
125,116,6,11,52,53,15,115,4,0,"0,00%",4,"100,00%",58,129,23,0,0,0,11,3,82,6
126,246,13,71,166,11,2,246,1,1,"100,00%",0,"0,00%",184,996,580,4,5,0,1,0,195,1
127,231,13,58,104,72,12,231,8,4,"50,00%",4,"50,00%",89,524,257,7,4,2,9,3,145,15
128,260,5,41,102,120,8,260,13,7,"53,85%",6,"46,15%",174,978,470,11,7,2,7,3,159,26
129,89,3,23,50,20,1,89,0,0,"0,00%",0,"0,00%",44,143,62,0,5,0,1,1,59,1
130,246,27,128,117,3,3,246,1,1,"100,00%",0,"0,00%",149,437,178,0,0,0,2,2,166,0
131,164,138,162,2,0,0,164,0,0,"0,00%",0,"0,00%",101,510,364,0,0,0,0,0,56,0
132,62,2,6,43,13,4,62,0,0,"0,00%",0,"0,00%",25,74,40,1,1,0,5,5,35,3
133,367,3,35,128,211,35,367,33,17,"51,52%",11,"33,33%",266,1917,1087,36,19,10,15,15,282,98
134,19,2,4,11,4,1,19,0,0,"0,00%",0,"0,00%",15,76,30,1,0,1,1,1,13,4
135,7,1,5,1,1,0,7,0,0,"0,00%",0,"0,00%",4,5,2,0,0,0,0,0,4,0
136,40,1,5,19,17,8,40,0,0,"0,00%",0,"0,00%",10,32,16,1,1,0,4,2,32,2
137,244,15,76,94,75,2,244,8,4,"50,00%",4,"50,00%",159,887,410,11,13,1,2,3,156,18
138,154,0,18,42,94,22,154,10,4,"40,00%",5,"50,00%",109,418,183,7,7,3,6,9,118,28
139,121,1,11,56,59,15,121,15,8,"53,33%",5,"33,33%",84,412,173,3,4,2,4,10,101,16
140,27,1,3,16,8,0,27,0,0,"0,00%",0,"0,00%",18,79,17,0,0,0,2,0,16,0
141,400,341,400,0,0,0,400,0,0,"0,00%",0,"0,00%",303,1246,728,0,0,0,0,0,246,0
142,18,1,5,13,0,0,18,0,0,"0,00%",0,"0,00%",12,79,59,1,0,0,1,0,13,1
143,400,367,400,0,0,0,400,0,0,"0,00%",0,"0,00%",286,1348,723,0,0,0,1,0,234,0
144,346,10,71,153,126,11,346,20,6,"30,00%",11,"55,00%",203,1127,468,12,6,6,6,6,223,36
145,410,11,130,185,98,5,410,6,1,"16,67%",4,"66,67%",267,1167,642,6,7,0,2,0,246,21
146,53,0,0,16,38,10,53,6,4,"66,67%",1,"16,67%",38,263,128,4,2,1,6,4,36,12
147,124,11,47,52,25,6,124,3,1,"33,33%",2,"66,67%",63,262,83,1,3,0,3,2,73,2
148,316,26,109,156,53,3,316,7,5,"71,43%",1,"14,29%",167,848,451,5,12,2,1,1,214,7
149,3,0,0,1,2,0,3,0,0,"0,00%",0,"0,00%",3,10,0,0,0,0,0,0,3,0
150,186,1,22,74,98,21,186,32,12,"37,50%",15,"46,88%",113,1172,793,26,13,10,9,8,133,32
151,441,54,246,151,47,6,441,1,1,"100,00%",0,"0,00%",249,977,421,6,5,1,2,1,264,15
152,71,1,8,25,42,13,71,10,7,"70,00%",2,"20,00%",45,327,215,7,5,3,1,3,48,17
153,516,32,173,206,156,24,516,39,23,"58,97%",14,"35,90%",322,2097,1111,32,18,10,25,13,324,55
154,265,19,79,157,31,2,265,3,2,"66,67%",1,"33,33%",165,860,463,8,5,0,4,0,182,8
155,179,26,92,84,4,1,179,0,0,"0,00%",0,"0,00%",124,641,279,2,0,0,0,0,120,0
156,131,5,37,77,20,3,131,1,0,"0,00%",1,"100,00%",68,298,125,2,2,1,2,0,75,1
157,499,7,43,201,259,15,499,19,10,"52,63%",7,"36,84%",284,1632,964,30,20,2,11,5,374,58
158,112,1,16,63,37,9,112,7,1,"14,29%",5,"71,43%",61,415,206,7,5,3,5,6,75,15
159,273,4,23,159,96,1,273,3,3,"100,00%",0,"0,00%",191,915,484,9,5,0,5,4,215,11
160,67,1,15,30,23,1,67,2,1,"50,00%",0,"0,00%",37,227,130,4,4,0,1,1,49,8
161,358,24,101,172,92,5,358,10,4,"40,00%",5,"50,00%",160,974,481,11,13,2,7,3,143,13
162,125,8,44,56,25,3,125,0,0,"0,00%",0,"0,00%",59,174,71,2,0,1,1,2,87,6
163,331,1,13,90,230,17,331,39,12,"30,77%",25,"64,10%",228,1978,955,36,23,6,10,10,247,67
164,260,2,30,164,67,5,259,4,1,"25,00%",3,"75,00%",130,754,374,0,6,0,3,2,176,5
165,112,3,32,48,32,3,112,7,0,"0,00%",4,"57,14%",60,265,138,3,4,0,6,2,68,3
166,700,31,216,320,173,36,700,21,8,"38,10%",8,"38,10%",449,2159,1207,34,19,7,15,5,463,41
167,98,0,9,38,53,8,98,10,4,"40,00%",6,"60,00%",64,495,224,7,9,4,7,7,76,13
168,261,1,15,115,135,24,261,14,6,"42,86%",7,"50,00%",164,1153,694,22,12,11,20,5,205,50
169,209,15,67,133,12,1,209,5,5,"100,00%",0,"0,00%",167,1047,652,3,2,0,1,1,160,1
170,1056,91,391,622,47,17,1056,3,3,"100,00%",0,"0,00%",723,3400,1994,9,9,0,6,3,844,3
171,262,0,18,133,117,14,262,38,17,"44,74%",15,"39,47%",180,1131,549,16,16,2,22,23,204,33
172,139,1,6,41,95,14,139,14,4,"28,57%",8,"57,14%",84,626,268,8,7,8,6,7,102,34
173,526,50,254,255,19,9,526,0,0,"0,00%",0,"0,00%",335,1772,750,2,5,0,3,0,373,1
174,215,24,87,95,35,6,215,3,0,"0,00%",3,"100,00%",86,540,326,4,3,0,6,4,113,10
175,491,29,149,177,173,15,491,14,4,"28,57%",7,"50,00%",269,1371,803,24,13,1,9,3,295,59
176,141,5,33,77,33,4,141,7,1,"14,29%",4,"57,14%",73,568,254,7,4,3,8,7,84,12
177,76,53,76,0,0,0,76,0,0,"0,00%",0,"0,00%",47,171,53,0,0,0,0,0,50,0
178,50,3,12,22,18,6,50,0,0,"0,00%",0,"0,00%",23,118,27,2,2,1,3,0,28,5
179,34,1,2,16,17,4,34,8,3,"37,50%",3,"37,50%",19,119,35,3,3,0,3,1,16,6
180,261,234,261,0,0,0,261,0,0,"0,00%",0,"0,00%",185,811,484,0,0,0,0,0,131,0
181,18,0,4,8,7,2,18,1,1,"100,00%",0,"0,00%",12,70,41,0,1,0,1,2,12,2
182,29,3,3,13,13,2,29,1,0,"0,00%",1,"100,00%",20,85,23,2,1,0,2,1,21,11
183,441,26,119,187,140,30,441,11,8,"72,73%",2,"18,18%",221,1114,504,21,9,10,9,8,256,60
184,345,20,36,170,140,46,345,19,11,"57,89%",7,"36,84%",176,961,397,14,8,5,12,12,256,43
185,374,308,374,1,0,0,374,1,1,"100,00%",0,"0,00%",230,1008,640,0,0,0,1,0,224,0
186,171,11,73,66,33,6,171,6,3,"50,00%",3,"50,00%",95,278,105,2,1,1,1,1,94,12
187,156,2,28,77,55,12,156,22,10,"45,45%",12,"54,55%",101,773,475,22,11,8,8,7,107,17
188,22,0,2,7,13,6,22,0,0,"0,00%",0,"0,00%",16,78,21,2,0,2,3,3,17,7
189,300,7,36,154,111,18,300,10,5,"50,00%",4,"40,00%",165,847,472,15,12,4,5,2,209,21
190,213,7,27,121,68,9,213,8,2,"25,00%",5,"62,50%",144,681,362,10,11,3,6,1,163,13
191,392,16,89,173,132,17,392,7,2,"28,57%",1,"14,29%",215,1054,557,15,8,2,6,2,251,34
192,55,3,6,21,28,17,55,1,0,"0,00%",0,"0,00%",14,101,46,2,1,2,5,1,29,7
193,64,3,26,26,12,1,64,0,0,"0,00%",0,"0,00%",34,114,36,1,1,1,1,4,29,4
194,17,0,2,12,3,1,17,1,1,"100,00%",0,"0,00%",10,30,14,0,0,0,3,0,10,0
195,375,14,79,203,95,12,375,6,3,"50,00%",3,"50,00%",222,789,285,3,2,0,11,3,223,20
196,185,6,27,86,73,22,185,9,2,"22,22%",5,"55,56%",118,432,128,3,3,0,13,3,133,22
197,513,17,83,362,71,0,513,8,2,"25,00%",3,"37,50%",281,1319,602,5,11,0,8,2,368,6
198,81,2,12,44,26,1,81,3,1,"33,33%",0,"0,00%",64,202,86,0,2,0,1,0,58,8
199,125,9,44,57,25,3,125,5,2,"40,00%",2,"40,00%",64,312,76,2,1,1,3,2,93,5
200,38,4,17,17,6,2,38,4,1,"25,00%",3,"75,00%",16,120,63,1,0,1,0,2,17,2
201,142,3,7,46,89,22,142,10,2,"20,00%",7,"70,00%",106,541,280,10,3,7,9,5,120,27
202,71,11,36,29,6,2,71,0,0,"0,00%",0,"0,00%",38,167,82,0,0,0,0,0,41,0
203,129,0,13,57,65,15,129,17,9,"52,94%",6,"35,29%",87,573,388,13,9,4,3,2,87,22
204,130,0,7,51,74,8,130,16,6,"37,50%",8,"50,00%",87,503,228,7,8,3,5,6,104,16
205,16,3,9,6,1,0,16,0,0,"0,00%",0,"0,00%",5,26,21,0,0,0,2,0,6,0
206,392,10,76,240,80,6,392,7,3,"42,86%",4,"57,14%",261,1060,485,7,5,1,10,5,281,3
207,312,9,74,175,66,3,312,4,2,"50,00%",2,"50,00%",248,1030,449,2,6,0,6,3,238,5
208,26,0,3,8,16,3,26,2,1,"50,00%",0,"0,00%",17,133,65,3,2,2,4,0,16,4
209,75,1,21,51,3,0,75,0,0,"0,00%",0,"0,00%",31,146,74,0,1,0,1,0,57,1
210,263,2,35,139,92,19,263,14,7,"50,00%",7,"50,00%",128,534,216,6,8,0,15,11,193,35
211,277,0,11,107,160,24,277,14,7,"50,00%",4,"28,57%",173,936,391,13,11,6,9,6,224,57
212,256,23,95,133,32,3,256,3,2,"66,67%",1,"33,33%",171,1037,625,11,9,0,3,5,155,5
213,11,0,4,5,2,0,11,0,0,"0,00%",0,"0,00%",4,13,9,0,0,0,0,0,4,0
214,66,4,11,15,40,3,66,3,1,"33,33%",1,"33,33%",50,287,126,3,2,0,2,2,49,22
215,194,2,16,111,68,8,194,6,3,"50,00%",3,"50,00%",140,475,184,1,2,0,11,4,149,14
216,58,52,58,0,0,0,58,0,0,"0,00%",0,"0,00%",29,158,122,0,0,0,0,0,27,0
217,7,1,2,3,2,0,7,0,0,"0,00%",0,"0,00%",1,2,0,0,0,0,0,0,4,1
218,67,3,9,44,14,7,67,4,1,"25,00%",2,"50,00%",33,123,43,2,0,1,3,1,50,8
219,21,0,2,6,13,2,21,0,0,"0,00%",0,"0,00%",11,58,44,2,0,1,0,0,12,1
220,210,10,56,89,66,15,210,15,4,"26,67%",6,"40,00%",114,1044,653,29,12,9,14,5,127,30
221,87,1,6,33,49,20,87,2,1,"50,00%",1,"50,00%",61,284,124,5,4,3,8,2,62,20
222,125,21,64,59,4,1,125,0,0,"0,00%",0,"0,00%",69,426,299,2,2,0,0,0,77,0
223,37,1,3,27,7,1,37,2,1,"50,00%",1,"50,00%",23,57,24,0,0,0,0,0,31,1
224,78,1,17,30,33,4,78,1,1,"100,00%",0,"0,00%",34,232,120,2,3,1,2,4,45,4
225,65,4,8,32,28,8,65,4,2,"50,00%",1,"25,00%",38,196,89,6,1,1,6,1,43,13
226,270,15,41,86,150,33,270,19,10,"52,63%",4,"21,05%",183,1478,779,32,20,15,20,12,175,58
227,205,5,29,98,79,12,205,10,3,"30,00%",4,"40,00%",152,612,280,6,4,3,6,2,150,26
228,208,8,60,134,14,0,208,1,0,"0,00%",1,"100,00%",127,560,343,6,3,0,0,0,156,0
229,87,12,43,43,3,0,87,3,2,"66,67%",0,"0,00%",50,274,170,3,1,0,1,2,54,0
230,208,7,23,110,77,9,208,7,3,"42,86%",3,"42,86%",135,658,260,3,3,0,9,1,144,14
231,74,0,3,38,33,1,74,2,0,"0,00%",1,"50,00%",58,363,184,5,4,1,4,1,58,10
232,69,4,5,24,41,20,69,4,1,"25,00%",2,"50,00%",46,137,49,0,0,0,6,3,47,13
233,186,14,69,94,23,1,186,0,0,"0,00%",0,"0,00%",147,657,306,2,4,0,1,0,138,2
234,31,1,5,10,16,3,31,2,1,"50,00%",0,"0,00%",21,152,79,1,3,0,5,1,18,5
235,203,8,49,101,60,3,203,9,3,"33,33%",4,"44,44%",129,713,403,12,4,2,4,1,142,20
236,323,15,39,158,126,55,320,3,0,"0,00%",2,"66,67%",121,341,76,0,2,0,21,9,236,37
237,222,2,27,109,87,18,222,12,4,"33,33%",8,"66,67%",151,790,324,10,7,7,15,2,169,37
238,319,49,146,166,11,2,319,1,1,"100,00%",0,"0,00%",213,1091,577,6,1,0,3,4,217,0
239,194,35,122,71,1,1,194,0,0,"0,00%",0,"0,00%",98,500,229,0,0,0,1,0,103,0
240,241,20,105,133,7,1,241,2,0,"0,00%",1,"50,00%",147,785,368,5,2,0,4,1,155,2
241,148,1,19,67,63,8,148,7,3,"42,86%",3,"42,86%",105,611,236,5,6,0,5,3,118,14
242,326,3,48,161,119,5,326,6,5,"83,33%",0,"0,00%",181,823,482,8,6,1,3,1,245,21
243,28,1,5,9,16,2,28,3,3,"100,00%",0,"0,00%",19,152,106,4,4,0,2,1,18,4
244,169,2,29,99,41,7,169,7,2,"28,57%",5,"71,43%",113,531,236,6,4,2,16,9,121,15
245,392,17,98,197,104,14,392,4,1,"25,00%",3,"75,00%",234,1118,591,9,10,0,4,7,264,27
246,278,14,96,90,96,15,278,4,1,"25,00%",3,"75,00%",124,442,232,6,4,1,5,0,175,36
247,309,3,33,174,104,9,309,12,4,"33,33%",7,"58,33%",203,950,510,15,16,1,15,8,228,37
248,194,10,57,122,21,1,194,7,1,"14,29%",3,"42,86%",128,834,435,5,4,0,7,1,97,0
249,144,122,143,1,0,0,144,0,0,"0,00%",0,"0,00%",62,327,172,0,0,0,0,0,65,0
250,176,6,28,84,67,6,176,4,1,"25,00%",3,"75,00%",119,602,330,6,4,2,8,6,130,10
251,31,29,31,0,0,0,31,0,0,"0,00%",0,"0,00%",20,90,63,0,0,0,0,0,13,0
252,619,14,61,182,390,60,619,49,26,"53,06%",13,"26,53%",459,3814,1993,65,42,33,12,14,489,115
253,299,3,30,141,130,24,298,4,4,"100,00%",0,"0,00%",192,892,423,8,4,4,8,10,215,27
254,45,3,10,26,9,0,45,0,0,"0,00%",0,"0,00%",31,125,62,0,2,0,0,1,28,0
255,784,19,221,332,241,19,784,22,10,"45,45%",12,"54,55%",448,2264,1143,20,16,5,16,5,507,62
256,182,11,59,85,41,9,182,2,2,"100,00%",0,"0,00%",107,451,208,2,2,0,2,3,113,3
257,358,42,152,181,25,0,358,1,0,"0,00%",1,"100,00%",197,815,410,3,1,0,1,0,256,0
258,28,1,3,14,13,2,28,3,2,"66,67%",0,"0,00%",21,176,92,4,4,1,2,2,21,2
259,293,7,21,171,103,5,292,0,0,"0,00%",0,"0,00%",245,1539,830,14,18,0,6,5,232,28
260,359,19,105,137,121,10,359,9,3,"33,33%",5,"55,56%",213,1131,594,13,14,2,1,6,223,32
261,54,0,5,42,7,0,54,1,0,"0,00%",0,"0,00%",46,282,106,0,1,0,0,0,42,1
262,65,46,62,3,0,0,65,0,0,"0,00%",0,"0,00%",50,169,91,0,0,0,0,0,42,0
263,850,18,124,490,246,31,850,19,11,"57,89%",1,"5,26%",508,2429,1229,24,14,6,11,9,691,43
264,528,88,306,212,12,4,528,5,3,"60,00%",1,"20,00%",419,1965,854,3,2,1,1,2,420,0
265,207,3,12,76,121,59,205,16,12,"75,00%",4,"25,00%",106,457,197,9,5,7,18,7,153,31
266,234,9,69,127,43,3,234,4,2,"50,00%",1,"25,00%",161,694,246,3,6,1,8,3,148,4
267,435,18,127,164,147,14,435,15,5,"33,33%",9,"60,00%",355,1977,926,18,18,1,6,7,343,63
268,135,1,14,41,81,12,135,7,3,"42,86%",2,"28,57%",95,579,281,9,3,4,7,6,93,28
269,57,0,3,33,21,2,57,1,1,"100,00%",0,"0,00%",32,106,42,1,0,0,3,3,49,12
270,133,6,25,77,32,3,133,2,1,"50,00%",0,"0,00%",77,257,96,1,1,0,2,0,87,12
271,266,2,12,124,136,21,266,18,11,"61,11%",5,"27,78%",213,1368,583,18,15,4,13,9,209,48
272,185,136,183,2,0,0,185,0,0,"0,00%",0,"0,00%",122,478,298,0,0,0,0,0,97,0
273,181,30,109,70,5,0,181,0,0,"0,00%",0,"0,00%",119,575,266,0,0,0,1,0,106,0
274,284,9,53,148,85,4,284,7,3,"42,86%",3,"42,86%",209,857,386,2,3,0,5,9,216,19
275,169,21,64,55,50,3,169,4,2,"50,00%",1,"25,00%",67,368,249,11,8,3,2,0,94,11
276,353,4,25,137,197,47,352,23,12,"52,17%",9,"39,13%",253,1173,444,17,13,5,11,10,267,75
277,83,0,5,40,39,6,83,5,2,"40,00%",1,"20,00%",60,324,179,5,3,1,5,2,70,9
278,123,6,37,57,32,3,123,2,1,"50,00%",1,"50,00%",60,273,127,2,3,1,5,2,71,11
279,168,8,32,76,61,7,168,8,3,"37,50%",5,"62,50%",108,676,341,10,6,2,4,1,106,19
280,137,38,100,28,9,6,137,0,0,"0,00%",0,"0,00%",52,186,90,2,0,0,1,0,63,1
281,236,2,34,166,41,3,236,3,2,"66,67%",1,"33,33%",127,660,270,5,3,0,1,1,175,4
282,62,14,34,27,1,0,62,0,0,"0,00%",0,"0,00%",46,197,100,0,0,0,0,0,42,0
283,115,9,46,37,32,4,115,2,1,"50,00%",1,"50,00%",66,284,151,2,2,0,3,1,69,9
284,141,13,50,73,18,4,141,0,0,"0,00%",0,"0,00%",93,451,269,3,2,0,1,1,106,1
285,152,16,87,63,2,1,152,1,1,"100,00%",0,"0,00%",90,506,237,3,2,0,0,1,119,0
286,669,28,184,356,144,13,669,27,7,"25,93%",17,"62,96%",347,2529,1503,31,20,5,21,8,373,38
287,273,3,30,94,150,15,273,21,7,"33,33%",9,"42,86%",163,1101,439,19,14,7,20,15,193,48
288,372,33,162,175,36,5,372,6,2,"33,33%",3,"50,00%",169,995,638,10,5,3,4,3,225,11
289,120,8,18,47,56,7,120,6,1,"16,67%",3,"50,00%",54,306,145,5,6,0,4,4,87,13
290,124,16,45,38,44,6,124,4,0,"0,00%",4,"100,00%",51,343,182,10,1,3,5,1,60,12
291,217,181,217,0,0,0,217,0,0,"0,00%",0,"0,00%",117,759,349,0,0,0,0,0,115,0
292,250,1,17,107,130,16,250,18,9,"50,00%",8,"44,44%",162,1195,695,26,16,7,5,9,205,51
293,271,37,151,121,1,1,271,0,0,"0,00%",0,"0,00%",179,875,456,1,0,0,0,0,196,0
294,508,13,125,314,76,10,508,11,7,"63,64%",1,"9,09%",311,1452,688,7,10,1,5,7,373,14
295,10,1,1,3,6,0,10,0,0,"0,00%",0,"0,00%",5,56,27,2,0,0,1,0,7,4
296,423,84,252,165,9,1,423,7,6,"85,71%",0,"0,00%",287,1105,678,4,2,0,1,1,309,1
297,248,4,34,149,71,11,248,15,7,"46,67%",6,"40,00%",155,776,294,5,6,1,8,8,187,13
298,75,68,75,0,0,0,75,0,0,"0,00%",0,"0,00%",41,191,94,0,0,0,0,0,27,0
299,264,6,56,139,77,8,264,17,8,"47,06%",7,"41,18%",194,1136,446,15,16,3,8,10,190,20
300,88,5,25,43,20,1,88,3,1,"33,33%",1,"33,33%",46,217,78,3,1,0,2,1,56,6
301,439,31,194,183,67,5,439,5,2,"40,00%",3,"60,00%",226,1124,596,12,9,0,4,2,255,19
302,610,16,111,265,244,20,610,26,16,"61,54%",5,"19,23%",429,2198,1062,23,25,5,15,10,416,61
303,25,2,6,10,9,1,25,2,2,"100,00%",0,"0,00%",13,49,25,1,0,1,1,0,14,2
304,47,1,2,25,20,6,47,1,0,"0,00%",1,"100,00%",33,175,55,1,0,0,3,0,37,11
305,105,2,34,42,29,0,105,3,2,"66,67%",1,"33,33%",54,461,202,4,4,0,2,3,63,4
306,161,22,66,75,22,2,161,1,1,"100,00%",0,"0,00%",62,260,125,3,0,0,2,1,73,6
307,196,20,96,94,6,3,196,0,0,"0,00%",0,"0,00%",105,549,340,1,2,0,1,0,140,0
308,510,48,216,290,6,4,510,0,0,"0,00%",0,"0,00%",396,2075,1309,7,2,0,1,3,406,0
309,168,14,71,96,1,0,168,0,0,"0,00%",0,"0,00%",123,667,446,0,1,0,0,0,132,0
310,117,5,25,45,48,8,117,4,0,"0,00%",3,"75,00%",63,393,192,4,4,0,9,5,65,11
311,112,7,23,46,43,5,112,2,1,"50,00%",1,"50,00%",36,211,106,3,3,0,3,1,64,6
312,59,1,7,28,25,4,59,1,0,"0,00%",1,"100,00%",31,161,64,1,1,0,1,2,45,5
313,199,5,32,113,55,6,199,6,4,"66,67%",2,"33,33%",132,904,568,17,10,2,4,2,145,5
314,189,7,45,115,30,1,189,1,1,"100,00%",0,"0,00%",105,394,164,0,4,0,3,2,136,4
315,416,11,84,267,69,2,415,6,4,"66,67%",1,"16,67%",305,1207,568,9,12,0,2,1,306,6
316,133,1,6,54,74,16,133,9,2,"22,22%",7,"77,78%",77,387,205,5,8,1,11,7,107,25
317,600,1,52,178,382,92,600,110,47,"42,73%",49,"44,55%",460,3640,1988,70,41,41,23,20,504,130
318,390,19,97,189,112,3,389,6,4,"66,67%",2,"33,33%",243,1652,944,23,16,0,2,3,235,25
319,172,2,13,88,74,19,171,15,8,"53,33%",6,"40,00%",119,681,201,7,5,5,10,5,129,32
320,66,1,13,18,35,1,66,3,0,"0,00%",3,"100,00%",48,320,173,5,1,0,3,1,39,12
321,557,37,243,285,31,3,557,4,2,"50,00%",1,"25,00%",330,1775,952,13,7,1,5,4,370,7
322,290,14,84,157,56,1,290,3,2,"66,67%",1,"33,33%",119,492,187,2,3,0,1,3,141,5
323,403,15,79,216,110,19,402,13,6,"46,15%",7,"53,85%",243,1305,612,17,12,3,9,7,270,36
324,56,4,21,27,8,1,56,1,1,"100,00%",0,"0,00%",30,157,57,1,0,0,4,2,26,0
325,63,0,5,43,16,2,63,5,1,"20,00%",3,"60,00%",34,208,50,2,1,0,3,0,35,6
326,207,5,47,123,37,1,207,2,1,"50,00%",1,"50,00%",149,658,352,1,7,0,5,0,156,3
327,335,7,18,163,159,36,333,26,8,"30,77%",14,"53,85%",200,1115,408,13,10,7,16,14,259,76
328,95,1,24,33,39,2,95,4,1,"25,00%",2,"50,00%",74,446,205,9,8,0,4,0,68,10
329,8,1,4,4,0,0,8,1,0,"0,00%",1,"100,00%",2,37,9,0,0,0,1,1,3,0
330,32,0,4,11,17,5,32,4,2,"50,00%",0,"0,00%",22,206,120,6,3,3,6,5,21,8
331,191,2,18,90,88,10,191,34,12,"35,29%",20,"58,82%",140,1014,408,16,14,5,10,14,134,38
332,215,6,38,123,58,10,215,2,1,"50,00%",0,"0,00%",142,716,276,5,3,0,6,1,164,17
333,267,44,148,112,8,4,267,0,0,"0,00%",0,"0,00%",120,532,233,3,1,1,2,1,185,0
334,813,28,187,461,166,4,812,9,3,"33,33%",4,"44,44%",538,2657,1012,8,8,0,3,6,564,5
335,110,13,58,48,4,0,110,0,0,"0,00%",0,"0,00%",86,473,221,1,1,0,1,1,84,0
336,232,25,129,95,8,1,232,2,1,"50,00%",1,"50,00%",154,652,321,0,1,0,0,0,153,0
337,334,51,201,129,5,4,334,0,0,"0,00%",0,"0,00%",175,893,558,2,1,0,3,0,212,0
338,229,9,34,99,100,6,229,8,3,"37,50%",5,"62,50%",130,875,401,14,13,2,9,8,111,16
339,76,3,20,39,18,4,76,1,0,"0,00%",1,"100,00%",45,110,21,0,0,0,1,0,49,7
340,13,1,2,6,5,3,13,0,0,"0,00%",0,"0,00%",9,18,5,0,0,0,1,1,13,2
341,27,3,12,11,4,0,27,1,0,"0,00%",1,"100,00%",16,64,21,0,1,0,0,0,17,2
342,174,3,48,85,45,7,174,14,8,"57,14%",4,"28,57%",96,704,388,10,6,3,8,4,94,9
343,154,120,154,0,0,0,154,0,0,"0,00%",0,"0,00%",104,476,164,0,0,0,0,0,88,0
344,154,124,154,0,0,0,154,0,0,"0,00%",0,"0,00%",91,496,241,0,0,0,0,0,44,0
345,11,0,2,4,5,1,11,0,0,"0,00%",0,"0,00%",6,24,3,0,0,0,1,0,7,2
346,271,5,47,170,54,4,271,0,0,"0,00%",0,"0,00%",183,654,273,1,2,0,1,0,216,7
347,133,5,39,80,17,3,133,2,1,"50,00%",1,"50,00%",94,480,278,5,4,0,2,0,88,8
348,172,1,13,90,72,22,172,18,6,"33,33%",8,"44,44%",110,656,242,11,9,5,27,15,128,36
349,170,20,90,72,10,4,170,3,1,"33,33%",1,"33,33%",85,480,296,1,4,0,1,0,107,0
350,250,4,37,160,54,5,250,2,1,"50,00%",1,"50,00%",182,761,287,2,5,2,3,0,169,2
351,259,21,119,108,33,7,259,3,1,"33,33%",1,"33,33%",144,634,350,6,6,0,3,1,156,12
352,30,2,7,11,12,2,30,2,0,"0,00%",1,"50,00%",15,110,42,2,0,0,2,3,15,4
353,366,25,136,210,25,5,366,4,3,"75,00%",1,"25,00%",189,1020,649,8,4,0,4,1,234,4
354,278,6,24,109,150,18,278,5,2,"40,00%",3,"60,00%",183,1109,583,25,12,4,7,5,198,57
355,435,41,179,240,21,8,435,1,1,"100,00%",0,"0,00%",287,1328,816,8,6,0,2,0,290,0
356,241,13,72,139,30,3,241,3,2,"66,67%",1,"33,33%",174,1042,614,6,9,0,2,4,181,4
357,568,7,102,366,104,3,568,14,8,"57,14%",6,"42,86%",440,2141,898,10,16,0,12,9,453,9
358,6,0,1,3,2,2,6,0,0,"0,00%",0,"0,00%",2,9,0,0,0,0,0,0,3,0
359,965,25,215,592,166,2,965,4,2,"50,00%",1,"25,00%",644,2560,1268,8,13,1,6,3,761,8
360,421,29,117,241,67,7,421,8,4,"50,00%",2,"25,00%",233,1088,452,8,9,1,9,7,249,11
361,4,0,0,4,0,0,4,0,0,"0,00%",0,"0,00%",4,22,13,0,0,0,0,0,4,0
362,0,0,0,0,0,0,0,0,0,"0,00%",0,"0,00%",0,0,0,0,0,0,0,0,0,0
363,132,0,4,56,72,8,132,13,2,"15,38%",6,"46,15%",69,488,221,8,6,2,5,6,93,27
364,435,9,49,153,245,65,432,73,35,"47,95%",31,"42,47%",291,2375,1341,52,26,30,27,16,314,82
365,121,3,18,67,37,6,121,1,0,"0,00%",1,"100,00%",72,314,162,5,3,1,6,3,76,8
366,163,0,14,64,85,15,163,10,2,"20,00%",7,"70,00%",79,491,212,8,9,2,7,4,121,23
367,191,1,13,89,93,6,190,29,19,"65,52%",8,"27,59%",141,1052,422,15,8,3,8,4,133,25
368,282,10,62,194,26,0,282,0,0,"0,00%",0,"0,00%",203,1144,824,7,5,0,1,0,228,0
369,5,0,0,1,4,0,5,0,0,"0,00%",0,"0,00%",0,0,0,0,0,0,2,0,0,0
370,2,2,2,0,0,0,2,0,0,"0,00%",0,"0,00%",0,0,0,0,0,0,0,0,0,0
371,330,18,84,219,31,1,330,4,3,"75,00%",1,"25,00%",204,1171,719,12,11,0,3,4,210,3
372,366,9,26,160,192,48,366,74,39,"52,70%",25,"33,78%",255,2401,1371,40,25,25,25,14,294,67
373,77,0,8,40,31,3,77,3,1,"33,33%",2,"66,67%",53,293,132,4,5,0,5,0,51,4
374,397,47,158,211,28,4,397,2,1,"50,00%",0,"0,00%",272,1410,823,10,7,1,2,0,294,10
375,143,3,40,63,41,2,143,2,0,"0,00%",1,"50,00%",70,306,132,3,5,0,2,1,76,11
376,225,8,52,117,57,11,225,5,2,"40,00%",2,"40,00%",74,336,136,2,3,0,3,4,125,10
377,187,6,7,55,126,45,187,8,3,"37,50%",3,"37,50%",127,605,258,11,6,6,5,11,150,46
378,106,1,9,64,33,4,106,3,2,"66,67%",0,"0,00%",79,380,182,4,2,2,1,0,87,8
379,526,49,242,263,23,2,526,0,0,"0,00%",0,"0,00%",405,1992,962,1,6,0,2,1,416,3
380,221,1,30,97,97,26,221,26,9,"34,62%",14,"53,85%",122,752,362,13,5,8,18,12,126,34
381,274,258,274,0,0,0,274,0,0,"0,00%",0,"0,00%",138,751,499,0,0,0,0,0,101,0
382,433,21,144,193,101,14,433,14,7,"50,00%",7,"50,00%",260,1266,820,21,12,4,15,6,257,25
383,139,2,30,63,48,3,139,3,1,"33,33%",2,"66,67%",84,499,304,9,10,0,7,4,100,14
384,192,168,192,0,0,0,192,0,0,"0,00%",0,"0,00%",122,609,348,0,0,0,1,0,87,0
385,31,0,3,14,15,6,31,3,3,"100,00%",0,"0,00%",19,107,45,2,1,1,0,3,20,3
386,702,26,177,466,69,0,702,19,6,"31,58%",5,"26,32%",517,2166,953,13,10,0,6,9,529,11
387,230,8,45,122,63,5,230,1,1,"100,00%",0,"0,00%",149,663,271,2,4,0,2,5,167,8
388,225,8,35,135,57,5,225,8,3,"37,50%",4,"50,00%",169,792,371,8,15,0,6,4,162,14
389,188,141,185,3,0,0,188,1,1,"100,00%",0,"0,00%",140,622,299,0,0,0,0,0,103,0
390,4,0,1,2,1,0,4,0,0,"0,00%",0,"0,00%",3,5,4,0,0,0,1,0,3,0
391,220,3,22,92,111,31,220,19,11,"57,89%",7,"36,84%",153,1248,651,24,9,10,10,5,158,54
392,664,24,161,427,79,7,664,4,3,"75,00%",1,"25,00%",416,1426,499,2,5,0,6,4,461,10
393,83,4,4,31,51,20,82,7,5,"71,43%",2,"28,57%",49,373,187,9,6,3,1,2,55,19
394,267,24,99,145,24,2,267,4,2,"50,00%",0,"0,00%",138,626,189,0,1,0,10,5,160,3
395,45,34,44,1,0,0,45,0,0,"0,00%",0,"0,00%",25,96,70,0,0,0,0,0,20,0
396,10,1,2,3,5,1,10,0,0,"0,00%",0,"0,00%",5,31,7,0,0,0,1,1,7,1
397,122,4,17,43,63,16,122,5,2,"40,00%",3,"60,00%",81,419,119,3,2,2,12,6,80,25
398,383,2,12,133,239,27,380,25,12,"48,00%",10,"40,00%",277,1705,729,25,20,8,11,10,301,63
399,280,215,279,1,0,0,280,0,0,"0,00%",0,"0,00%",152,914,560,0,0,0,0,0,129,0
400,82,3,13,30,41,8,82,8,4,"50,00%",4,"50,00%",60,385,240,7,6,4,4,4,56,17
401,429,17,119,255,60,5,429,8,3,"37,50%",4,"50,00%",281,1393,802,12,16,1,5,1,282,18
402,292,4,21,109,163,38,292,25,12,"48,00%",10,"40,00%",207,1242,702,27,9,9,17,8,223,67
403,210,32,135,68,7,2,210,1,0,"0,00%",1,"100,00%",136,542,319,2,2,0,0,0,145,3
404,190,24,109,80,1,0,190,1,0,"0,00%",0,"0,00%",133,664,443,2,0,0,2,0,147,0
405,334,29,150,172,12,4,334,1,0,"0,00%",1,"100,00%",231,904,437,2,2,0,1,0,250,1
406,4,0,0,2,2,0,4,0,0,"0,00%",0,"0,00%",3,14,9,0,0,0,0,0,4,1
407,6,0,2,1,3,0,6,0,0,"0,00%",0,"0,00%",2,4,3,0,0,0,1,0,3,0
408,587,12,59,282,258,26,582,22,14,"63,64%",7,"31,82%",426,2275,927,25,28,2,19,14,458,71
409,144,9,33,71,45,9,144,9,3,"33,33%",6,"66,67%",68,458,338,11,4,3,5,0,73,9
410,452,88,230,212,12,2,452,1,1,"100,00%",0,"0,00%",353,1740,838,1,2,0,0,1,326,0
411,38,7,28,9,1,0,38,0,0,"0,00%",0,"0,00%",26,168,90,0,1,0,1,0,24,0
412,381,10,44,178,167,50,381,28,10,"35,71%",14,"50,00%",210,930,380,11,11,6,40,15,254,50
413,61,1,4,27,30,9,61,1,1,"100,00%",0,"0,00%",34,168,110,4,1,3,3,2,39,10
414,141,4,46,70,25,0,141,3,2,"66,67%",1,"33,33%",103,572,278,3,5,0,1,0,98,2
415,73,0,10,45,20,0,73,2,1,"50,00%",1,"50,00%",38,317,78,1,2,0,1,0,38,0
416,204,11,66,115,25,12,204,3,1,"33,33%",1,"33,33%",125,979,730,7,8,1,3,2,152,1
417,34,0,6,13,15,1,34,4,1,"25,00%",3,"75,00%",27,218,107,5,3,2,3,3,24,10
418,517,135,367,152,0,0,517,3,1,"33,33%",2,"66,67%",351,1558,780,2,1,0,0,0,355,0
419,63,1,15,26,22,1,63,1,0,"0,00%",1,"100,00%",35,148,99,3,2,0,1,0,36,9
420,165,3,17,66,84,29,165,7,5,"71,43%",2,"28,57%",111,466,170,5,3,1,14,6,127,31
421,364,16,118,170,79,12,364,11,6,"54,55%",3,"27,27%",205,970,557,14,11,2,4,3,223,25
422,362,2,10,107,252,70,361,44,17,"38,64%",20,"45,45%",318,2434,1254,45,33,24,16,8,319,93
423,329,16,100,171,61,8,329,7,1,"14,29%",6,"85,71%",261,1474,854,12,17,2,7,3,243,13
424,11,1,4,4,3,0,11,0,0,"0,00%",0,"0,00%",6,20,7,0,0,0,0,0,7,0
425,214,202,214,0,0,0,214,0,0,"0,00%",0,"0,00%",112,508,249,0,0,0,1,0,103,0
426,178,5,27,113,40,2,178,2,1,"50,00%",1,"50,00%",124,544,217,2,4,0,1,2,134,7
427,191,7,34,100,57,7,191,5,2,"40,00%",2,"40,00%",95,528,293,7,2,2,5,5,129,13
428,34,34,34,0,0,0,34,0,0,"0,00%",0,"0,00%",18,102,39,0,0,0,0,0,20,0
429,538,70,320,208,10,4,538,0,0,"0,00%",0,"0,00%",373,1838,791,2,1,1,0,0,359,0
430,372,24,128,189,56,5,372,6,2,"33,33%",3,"50,00%",215,968,462,10,5,0,5,5,209,15
431,45,2,10,20,15,0,45,0,0,"0,00%",0,"0,00%",28,122,61,1,1,0,1,1,31,6
432,19,0,6,6,7,1,19,0,0,"0,00%",0,"0,00%",11,84,45,1,1,0,0,2,12,4
433,19,0,2,11,6,1,19,3,1,"33,33%",2,"66,67%",15,65,16,0,2,0,0,1,18,3
434,37,7,17,13,8,1,37,1,0,"0,00%",1,"100,00%",23,97,49,1,1,0,2,2,19,5
435,288,11,77,101,114,16,288,23,11,"47,83%",9,"39,13%",188,1133,541,14,12,5,9,4,176,29
436,26,21,26,0,0,0,26,0,0,"0,00%",0,"0,00%",19,72,39,0,0,0,0,0,18,0
437,324,10,81,148,97,0,324,4,2,"50,00%",1,"25,00%",237,1120,500,7,9,0,3,3,256,11
438,332,285,331,1,0,0,332,0,0,"0,00%",0,"0,00%",207,732,395,0,0,0,0,0,166,0
439,475,0,23,282,176,21,475,28,14,"50,00%",11,"39,29%",422,2326,1110,25,22,3,9,14,417,28
440,145,3,27,43,76,12,145,11,3,"27,27%",6,"54,55%",99,662,357,16,5,11,5,5,100,26
441,313,13,106,141,69,5,313,5,2,"40,00%",0,"0,00%",175,839,458,15,12,3,6,0,181,27
442,210,164,206,4,0,0,210,0,0,"0,00%",0,"0,00%",125,593,332,0,0,0,0,0,105,0
443,356,313,356,0,0,0,356,0,0,"0,00%",0,"0,00%",210,1064,583,0,0,0,1,0,146,0
444,112,0,7,50,57,13,112,3,1,"33,33%",2,"66,67%",72,319,142,6,5,0,5,5,93,23
445,572,107,313,237,29,7,572,7,3,"42,86%",3,"42,86%",354,1863,924,7,6,1,4,1,383,3
446,180,3,33,91,57,5,180,4,3,"75,00%",1,"25,00%",95,408,145,4,5,1,1,6,133,13
447,702,80,331,360,12,3,702,2,2,"100,00%",0,"0,00%",451,1920,1064,9,2,1,3,2,493,0
448,53,5,12,20,21,10,53,0,0,"0,00%",0,"0,00%",28,135,75,3,4,1,3,1,40,11
449,120,3,19,59,42,7,120,9,2,"22,22%",6,"66,67%",95,493,279,6,5,4,2,3,91,13
450,337,20,114,194,32,0,337,3,2,"66,67%",0,"0,00%",211,1026,531,6,7,0,0,1,213,0
451,490,22,124,243,129,16,490,12,6,"50,00%",4,"33,33%",267,1209,600,18,14,3,16,9,297,25
452,79,8,19,38,24,7,79,0,0,"0,00%",0,"0,00%",46,134,40,1,1,1,8,5,56,14
453,653,16,125,344,187,12,652,18,10,"55,56%",7,"38,89%",444,2244,955,15,16,4,7,7,543,26
454,268,10,51,177,45,5,268,10,2,"20,00%",7,"70,00%",198,1162,436,5,9,0,6,4,197,13
455,172,3,17,91,70,25,172,17,11,"64,71%",3,"17,65%",115,626,178,6,4,2,13,11,126,24
456,219,13,66,100,55,4,219,6,3,"50,00%",3,"50,00%",166,1107,636,20,13,1,9,4,165,21
457,395,7,91,154,150,7,395,4,2,"50,00%",2,"50,00%",269,1304,554,12,12,0,4,2,288,59
458,164,11,58,69,37,2,164,1,1,"100,00%",0,"0,00%",87,319,200,3,3,0,4,2,103,19
459,151,4,16,67,68,6,151,0,0,"0,00%",0,"0,00%",117,498,179,1,5,0,3,2,119,15
460,79,5,6,33,40,10,79,1,0,"0,00%",1,"100,00%",55,339,106,2,4,2,4,5,61,17
461,117,18,59,56,3,0,117,1,0,"0,00%",1,"100,00%",78,342,189,0,0,0,0,0,86,1
462,92,3,7,41,44,8,92,2,0,"0,00%",2,"100,00%",48,194,39,2,4,2,7,6,71,15
463,181,7,49,110,23,4,181,3,0,"0,00%",3,"100,00%",108,492,225,4,2,0,4,4,118,2
464,203,13,49,89,66,10,203,13,4,"30,77%",6,"46,15%",96,534,264,10,4,1,12,7,121,22
465,68,1,5,36,29,10,68,5,2,"40,00%",2,"40,00%",40,254,117,5,2,4,4,3,46,14
466,347,3,32,176,142,21,347,16,5,"31,25%",9,"56,25%",225,972,392,8,8,3,11,3,240,41
467,80,0,7,37,37,6,80,8,2,"25,00%",5,"62,50%",45,322,134,5,4,1,9,1,59,13
468,39,1,7,8,25,6,39,6,3,"50,00%",2,"33,33%",27,208,84,2,3,2,3,1,30,7
469,225,9,46,97,88,16,225,34,10,"29,41%",18,"52,94%",154,1402,786,25,21,8,16,19,163,30
470,15,0,1,8,7,4,15,5,4,"80,00%",0,"0,00%",9,122,101,2,1,2,4,0,10,3
471,60,5,17,17,26,6,60,0,0,"0,00%",0,"0,00%",43,223,79,2,2,2,2,0,41,15
472,197,4,25,91,82,22,197,0,0,"0,00%",0,"0,00%",120,439,191,6,4,1,3,6,148,26
473,65,1,1,34,31,10,65,3,2,"66,67%",1,"33,33%",34,144,88,4,3,2,8,1,52,12
474,297,1,31,124,148,34,297,43,24,"55,81%",14,"32,56%",209,1407,699,19,19,6,13,19,220,32
475,251,19,115,101,36,1,251,2,0,"0,00%",2,"100,00%",166,821,433,8,4,0,2,2,169,16
476,487,41,244,226,20,4,487,1,0,"0,00%",1,"100,00%",287,1522,775,11,7,0,2,5,312,5
477,366,40,153,172,44,2,366,1,1,"100,00%",0,"0,00%",197,827,439,6,5,2,3,1,246,5
478,138,7,43,47,48,3,138,2,1,"50,00%",1,"50,00%",77,343,163,6,5,2,2,1,83,22
479,32,4,17,4,11,3,32,0,0,"0,00%",0,"0,00%",17,65,24,1,1,1,1,0,16,4
480,322,5,46,213,69,9,322,18,11,"61,11%",4,"22,22%",236,1035,525,11,8,1,12,7,254,12
481,304,0,21,106,179,29,304,32,11,"34,38%",18,"56,25%",198,1356,616,24,17,7,14,15,224,47
482,40,12,32,7,1,1,40,0,0,"0,00%",0,"0,00%",21,41,20,0,0,0,0,0,31,0
483,125,107,125,0,0,0,125,1,0,"0,00%",0,"0,00%",82,381,186,0,0,0,0,0,83,0
484,44,1,5,32,7,0,44,0,0,"0,00%",0,"0,00%",36,154,67,1,0,0,1,0,35,2
485,468,2,34,234,205,30,468,31,14,"45,16%",12,"38,71%",404,2605,1346,37,30,11,13,19,399,31
486,108,18,73,34,3,2,108,2,2,"100,00%",0,"0,00%",66,250,115,2,1,0,0,0,77,0
487,257,16,60,126,74,6,257,2,0,"0,00%",2,"100,00%",138,547,223,2,4,0,7,7,130,11
488,193,7,37,92,66,15,193,4,1,"25,00%",3,"75,00%",98,378,120,5,2,4,10,1,112,14
489,295,4,16,124,158,34,295,18,8,"44,44%",8,"44,44%",225,1122,415,15,10,5,15,12,248,51
490,6,0,0,5,1,0,6,1,0,"0,00%",1,"100,00%",6,34,0,0,0,0,0,2,6,1
491,159,1,13,49,99,35,159,10,3,"30,00%",5,"50,00%",87,627,253,13,7,5,8,5,110,50
492,29,1,2,12,16,2,29,6,4,"66,67%",1,"16,67%",23,223,159,6,5,1,4,1,23,6
493,353,9,54,163,138,21,353,8,3,"37,50%",3,"37,50%",227,1009,463,7,10,0,8,4,232,27
494,127,118,127,0,0,0,127,0,0,"0,00%",0,"0,00%",64,337,228,0,0,0,0,0,45,0
495,16,1,2,8,6,2,16,0,0,"0,00%",0,"0,00%",9,57,12,0,0,0,1,0,14,1
496,9,0,2,4,5,1,9,2,1,"50,00%",1,"50,00%",6,70,47,1,3,1,0,0,5,0
497,416,32,138,226,55,0,416,9,2,"22,22%",6,"66,67%",243,1171,469,8,8,1,8,5,241,4
498,128,0,3,52,77,21,127,19,7,"36,84%",10,"52,63%",93,703,303,13,8,4,15,17,105,34
499,451,22,122,241,92,12,451,4,1,"25,00%",1,"25,00%",258,1063,620,11,8,2,9,5,269,15
500,42,0,8,18,17,2,42,3,1,"33,33%",0,"0,00%",30,143,84,3,0,1,2,0,34,4
501,550,474,544,6,0,0,550,1,0,"0,00%",0,"0,00%",363,1696,1026,0,0,0,0,0,303,0
502,331,31,93,203,38,5,331,5,3,"60,00%",1,"20,00%",214,960,332,4,4,0,1,7,211,4
503,598,91,295,271,33,11,598,3,3,"100,00%",0,"0,00%",443,2366,1275,3,7,1,7,0,452,1
504,68,3,6,25,39,8,68,2,2,"100,00%",0,"0,00%",31,208,118,5,3,2,7,4,49,9
505,218,0,23,81,117,10,218,6,2,"33,33%",2,"33,33%",156,942,490,13,15,4,15,5,163,43
506,55,41,54,1,0,0,55,0,0,"0,00%",0,"0,00%",33,138,99,0,0,0,0,0,29,0
507,108,7,9,43,57,26,107,12,5,"41,67%",5,"41,67%",60,395,201,10,2,6,13,6,77,25
508,629,88,345,272,20,8,629,0,0,"0,00%",0,"0,00%",429,1998,964,3,5,0,4,0,426,2
509,335,5,55,199,89,11,335,23,11,"47,83%",9,"39,13%",195,968,546,8,5,1,14,7,208,12
510,13,0,1,8,4,1,13,2,2,"100,00%",0,"0,00%",9,93,27,1,0,0,0,0,10,0
511,346,16,93,211,46,5,346,3,2,"66,67%",1,"33,33%",226,1057,470,6,9,0,6,5,242,8
512,94,5,21,60,13,2,94,0,0,"0,00%",0,"0,00%",57,264,119,3,1,1,3,1,61,3
513,79,1,2,29,48,11,79,5,4,"80,00%",1,"20,00%",62,450,252,10,5,6,3,3,63,11
514,7,1,2,5,0,0,7,0,0,"0,00%",0,"0,00%",4,10,0,0,0,0,0,0,5,0
515,276,10,56,183,40,0,276,4,1,"25,00%",2,"50,00%",158,826,483,5,7,0,2,6,186,4
516,80,6,19,40,23,1,80,4,1,"25,00%",2,"50,00%",45,195,93,3,5,1,0,0,46,15
517,300,267,300,0,0,0,300,0,0,"0,00%",0,"0,00%",215,843,416,0,0,0,0,0,191,0
518,111,7,28,63,22,5,111,1,1,"100,00%",0,"0,00%",62,286,112,3,2,0,10,8,79,8
519,26,0,2,7,17,5,26,5,3,"60,00%",2,"40,00%",17,159,70,3,2,3,1,4,19,5
520,640,58,247,309,84,10,640,2,1,"50,00%",1,"50,00%",405,1718,1010,7,5,0,1,2,470,20
521,292,55,133,150,14,3,292,6,3,"50,00%",3,"50,00%",146,1200,860,9,4,0,5,0,129,2
522,68,0,1,25,42,2,68,2,1,"50,00%",1,"50,00%",63,268,86,2,0,1,4,1,59,14
523,329,3,24,177,134,11,329,13,9,"69,23%",4,"30,77%",227,1336,629,16,20,5,6,7,260,30
524,151,5,35,61,58,0,151,12,3,"25,00%",9,"75,00%",63,335,172,4,7,0,2,5,80,14
525,43,36,41,2,0,0,43,0,0,"0,00%",0,"0,00%",25,107,78,0,0,0,0,0,21,0
526,236,21,122,105,9,4,236,2,0,"0,00%",1,"50,00%",151,729,266,0,1,0,3,1,145,0
527,418,19,120,201,103,17,418,33,12,"36,36%",19,"57,58%",259,1597,863,21,11,4,13,9,245,26
528,384,42,177,197,17,5,384,6,4,"66,67%",2,"33,33%",287,1558,691,3,4,1,6,2,260,1
529,399,83,266,124,10,4,399,1,1,"100,00%",0,"0,00%",211,881,483,1,2,0,1,1,220,2
530,60,55,60,0,0,0,60,0,0,"0,00%",0,"0,00%",43,165,107,0,0,0,0,0,30,0
531,358,24,100,112,148,10,358,12,8,"66,67%",4,"33,33%",164,855,460,21,6,2,8,2,176,48
532,180,43,122,49,9,7,180,0,0,"0,00%",0,"0,00%",67,265,42,0,0,0,1,0,97,0
533,267,10,25,169,74,14,267,14,3,"21,43%",10,"71,43%",196,861,198,4,5,0,18,27,231,32
534,59,3,16,20,23,3,59,1,0,"0,00%",1,"100,00%",34,198,115,5,1,1,2,0,42,16
535,51,1,5,40,6,0,51,0,0,"0,00%",0,"0,00%",33,143,29,1,1,0,1,1,42,0
536,135,13,15,59,62,14,135,4,1,"25,00%",3,"75,00%",80,553,182,8,7,3,20,8,94,20
537,63,0,7,18,38,8,63,6,2,"33,33%",4,"66,67%",37,298,114,4,2,0,2,2,46,10
538,2,1,1,1,0,0,2,0,0,"0,00%",0,"0,00%",2,43,31,1,1,0,0,0,2,0
539,264,15,77,180,7,1,264,0,0,"0,00%",0,"0,00%",179,1044,708,1,2,0,1,1,204,1
540,99,0,13,55,32,6,99,2,1,"50,00%",0,"0,00%",48,181,110,2,4,0,1,0,67,4
541,1,0,1,0,0,0,1,1,1,"100,00%",0,"0,00%",2,32,0,0,0,0,0,1,1,0
542,235,5,40,75,124,17,234,12,4,"33,33%",5,"41,67%",167,1395,743,28,19,6,6,4,165,47
543,302,20,118,111,78,2,302,19,7,"36,84%",8,"42,11%",169,894,474,11,10,0,8,8,170,21
544,43,2,8,12,23,0,43,4,0,"0,00%",4,"100,00%",18,138,62,1,3,0,1,1,20,3
545,25,2,5,12,8,0,25,0,0,"0,00%",0,"0,00%",13,40,5,0,0,0,4,0,15,1
546,88,0,7,34,47,9,88,9,1,"11,11%",8,"88,89%",67,485,212,6,8,3,4,5,68,11
547,310,10,50,170,93,12,310,8,4,"50,00%",2,"25,00%",201,1181,492,13,15,3,12,7,211,24
548,286,8,76,145,68,5,286,2,1,"50,00%",1,"50,00%",165,593,273,3,5,1,8,2,218,14
549,232,13,27,88,118,34,232,9,5,"55,56%",4,"44,44%",133,642,203,6,5,4,19,9,171,32
550,615,94,318,260,41,8,615,3,3,"100,00%",0,"0,00%",491,2615,1196,3,8,0,3,1,445,4
551,4,1,3,0,1,0,4,0,0,"0,00%",0,"0,00%",3,16,0,0,0,0,0,0,3,0
552,219,3,16,77,127,11,219,6,1,"16,67%",5,"83,33%",148,672,296,9,6,4,7,5,160,37
553,135,1,10,74,53,14,135,3,0,"0,00%",3,"100,00%",88,330,81,5,1,3,4,4,103,18
554,402,16,149,131,125,11,402,5,4,"80,00%",1,"20,00%",239,1006,511,15,7,1,5,3,253,42
555,134,1,18,53,67,13,134,10,3,"30,00%",5,"50,00%",81,491,254,10,6,2,9,7,93,27
556,379,51,182,170,29,6,379,2,0,"0,00%",1,"50,00%",247,962,512,5,2,0,3,5,279,7
557,38,2,22,15,1,0,38,0,0,"0,00%",0,"0,00%",24,66,31,1,0,0,1,0,33,0
558,169,12,63,69,40,8,169,1,0,"0,00%",1,"100,00%",84,277,145,6,5,1,4,3,84,16
559,130,4,22,53,56,14,130,6,3,"50,00%",3,"50,00%",75,437,196,6,3,2,3,4,84,14
560,214,3,24,113,80,13,214,14,5,"35,71%",7,"50,00%",129,749,326,8,10,3,7,4,152,24
561,154,3,16,57,83,25,154,8,3,"37,50%",4,"50,00%",98,490,238,9,10,3,9,7,112,30
562,230,26,101,91,41,0,230,1,0,"0,00%",1,"100,00%",137,729,343,9,7,0,3,1,145,9
563,6,0,2,4,0,0,6,0,0,"0,00%",0,"0,00%",4,11,0,0,0,0,0,0,4,0
564,211,1,22,109,80,12,211,0,0,"0,00%",0,"0,00%",130,466,263,5,5,0,1,0,158,20
565,320,9,78,136,108,8,320,5,3,"60,00%",2,"40,00%",186,866,482,9,6,2,4,1,211,29
566,8,0,3,1,4,1,8,0,0,"0,00%",0,"0,00%",4,9,1,0,0,0,0,2,6,1
567,224,2,33,154,37,5,224,1,0,"0,00%",1,"100,00%",141,580,278,7,2,0,2,6,159,6
568,1093,28,172,724,206,14,1093,9,9,"100,00%",0,"0,00%",682,3077,1801,22,20,1,6,7,851,6
569,476,11,38,198,247,51,474,37,14,"37,84%",18,"48,65%",310,1770,937,38,17,18,11,13,388,82
570,482,47,201,250,36,3,482,2,0,"0,00%",2,"100,00%",295,1437,867,9,7,0,2,2,327,8
571,463,7,64,292,109,8,463,6,4,"66,67%",1,"16,67%",372,2012,1008,10,16,0,7,4,348,9
572,68,5,20,36,13,1,68,1,0,"0,00%",1,"100,00%",30,102,46,0,1,0,1,0,35,4
573,545,74,280,256,11,4,545,1,1,"100,00%",0,"0,00%",399,2060,1216,2,3,0,0,0,394,1
574,457,67,251,191,18,6,457,0,0,"0,00%",0,"0,00%",272,1080,564,3,5,0,1,0,329,0
575,72,5,30,35,7,3,72,1,0,"0,00%",1,"100,00%",38,163,103,0,0,0,2,0,44,1
576,349,7,99,171,86,5,349,5,3,"60,00%",2,"40,00%",222,785,460,12,7,1,1,0,218,17
577,237,5,61,135,41,8,237,7,5,"71,43%",0,"0,00%",207,898,334,4,2,2,5,2,197,15
578,22,1,1,9,12,5,22,2,2,"100,00%",0,"0,00%",14,75,46,3,0,2,1,0,13,3
579,68,52,68,0,0,0,68,0,0,"0,00%",0,"0,00%",27,196,113,0,0,0,0,0,29,0
580,8,4,5,2,1,0,8,0,0,"0,00%",0,"0,00%",2,28,25,1,1,0,0,0,2,0
581,192,10,46,87,59,5,192,2,1,"50,00%",0,"0,00%",120,487,277,5,5,0,5,2,128,18
582,201,6,31,62,110,8,201,22,13,"59,09%",9,"40,91%",118,730,363,13,7,4,9,4,134,26
583,89,2,10,36,47,10,89,8,2,"25,00%",5,"62,50%",58,498,324,12,8,4,8,3,64,13
584,299,0,21,97,182,49,298,23,9,"39,13%",10,"43,48%",204,1202,557,24,18,16,25,20,249,87
585,166,9,80,77,9,3,166,2,1,"50,00%",1,"50,00%",86,265,104,2,1,1,1,0,132,1
586,117,3,43,65,10,0,117,3,1,"33,33%",1,"33,33%",106,492,231,2,4,0,1,2,97,3
587,178,1,1,69,109,18,178,5,1,"20,00%",4,"80,00%",138,589,139,1,4,1,9,10,144,35
588,21,3,11,7,3,2,21,0,0,"0,00%",0,"0,00%",10,48,21,0,0,0,0,0,15,2
589,3,0,0,3,0,0,3,3,0,"0,00%",2,"66,67%",2,28,0,0,0,0,0,0,2,0
590,218,10,50,132,38,0,218,3,2,"66,67%",0,"0,00%",149,717,395,3,1,0,1,1,155,8
591,212,27,102,97,13,1,212,1,0,"0,00%",1,"100,00%",127,760,472,2,2,0,0,1,151,3
592,329,2,18,142,174,27,329,20,10,"50,00%",9,"45,00%",237,1500,802,29,17,11,16,10,261,48
593,182,8,58,76,50,2,182,5,3,"60,00%",2,"40,00%",100,423,222,2,7,0,7,4,114,17
594,373,24,132,176,72,7,373,9,2,"22,22%",5,"55,56%",193,976,589,14,10,2,8,1,186,22
595,14,1,2,12,0,0,14,0,0,"0,00%",0,"0,00%",8,44,12,0,0,0,0,0,11,0
596,32,0,3,11,18,3,32,1,1,"100,00%",0,"0,00%",24,124,36,1,0,1,2,2,23,4
597,225,10,83,129,14,2,225,0,0,"0,00%",0,"0,00%",162,654,358,0,4,0,0,2,162,2
598,146,3,11,69,68,23,145,6,4,"66,67%",1,"16,67%",72,378,152,6,3,2,17,6,105,29
599,7,0,0,3,4,0,7,0,0,"0,00%",0,"0,00%",2,2,1,0,0,0,0,0,4,0
600,405,15,88,280,45,1,405,7,5,"71,43%",2,"28,57%",295,1581,850,7,7,0,9,1,288,2
601,437,53,221,201,20,5,437,6,5,"83,33%",0,"0,00%",313,1817,1245,13,10,0,2,1,314,2
602,238,46,127,104,9,4,238,3,3,"100,00%",0,"0,00%",147,769,339,1,1,0,1,2,131,0
603,330,19,69,189,76,6,330,6,1,"16,67%",4,"66,67%",195,856,392,5,5,2,6,3,170,8
604,143,4,14,58,72,15,143,10,3,"30,00%",6,"60,00%",87,426,134,3,3,1,18,6,98,27
605,74,9,28,28,19,3,74,3,1,"33,33%",0,"0,00%",31,122,49,1,1,0,2,1,34,9
606,84,1,22,34,29,5,84,6,3,"50,00%",2,"33,33%",45,435,355,12,7,2,5,2,47,11
607,39,2,10,16,13,5,39,1,0,"0,00%",1,"100,00%",24,177,67,3,2,1,1,3,23,3
608,221,2,15,78,128,28,221,9,6,"66,67%",1,"11,11%",144,776,340,11,6,5,12,6,161,46
609,664,94,353,309,9,7,664,2,2,"100,00%",0,"0,00%",461,2388,1233,4,3,0,2,3,468,1
610,729,7,84,286,366,44,729,46,26,"56,52%",14,"30,43%",475,3068,1644,43,37,13,11,19,557,92
611,433,0,19,165,260,50,433,43,21,"48,84%",18,"41,86%",311,2533,1152,33,38,16,28,15,352,82
612,503,75,261,227,16,9,503,1,1,"100,00%",0,"0,00%",340,1212,605,0,0,0,1,0,325,3
613,407,9,109,200,100,21,407,11,6,"54,55%",3,"27,27%",253,1208,648,14,9,2,7,3,257,31
614,106,2,8,51,49,29,106,4,1,"25,00%",2,"50,00%",73,239,65,2,0,2,5,3,91,26
615,8,0,1,5,2,2,8,0,0,"0,00%",0,"0,00%",4,14,0,0,0,0,2,0,4,1
616,143,6,28,90,25,1,143,2,1,"50,00%",0,"0,00%",68,377,220,6,2,0,2,0,97,5
617,225,34,109,109,8,2,225,0,0,"0,00%",0,"0,00%",154,886,616,2,4,0,1,0,167,0
618,135,3,15,37,83,14,135,10,3,"30,00%",5,"50,00%",81,745,271,11,6,4,5,2,85,30
619,405,49,197,183,25,3,405,0,0,"0,00%",0,"0,00%",220,818,390,4,2,0,1,1,275,3
620,74,10,40,33,1,0,74,0,0,"0,00%",0,"0,00%",31,166,68,0,0,0,1,0,26,0
621,76,4,20,37,21,1,76,0,0,"0,00%",0,"0,00%",36,184,77,1,2,0,2,4,38,0
622,84,0,21,40,23,3,84,3,2,"66,67%",1,"33,33%",72,399,166,1,3,1,1,2,67,5
623,169,34,74,95,4,2,169,2,2,"100,00%",0,"0,00%",110,639,324,3,0,1,2,1,97,0
624,168,143,168,0,0,0,168,0,0,"0,00%",0,"0,00%",116,446,253,0,0,0,1,0,107,0
625,28,1,1,12,16,4,28,6,3,"50,00%",1,"16,67%",17,162,81,3,2,1,1,0,18,4
626,509,13,115,337,64,6,509,2,0,"0,00%",1,"50,00%",304,1512,740,12,11,1,5,4,338,6
627,276,8,51,115,117,14,276,12,7,"58,33%",5,"41,67%",189,864,353,7,5,2,12,7,177,39
628,81,6,24,22,37,6,81,10,6,"60,00%",3,"30,00%",64,554,347,7,5,2,6,6,55,13
629,4,3,4,0,0,0,4,0,0,"0,00%",0,"0,00%",1,0,0,0,0,0,0,0,0,0
630,142,24,89,49,5,1,142,1,0,"0,00%",0,"0,00%",90,491,344,3,1,0,1,0,97,1
631,123,6,39,59,26,1,123,4,3,"75,00%",1,"25,00%",51,266,105,1,3,0,2,0,81,5
632,158,135,158,0,0,0,158,0,0,"0,00%",0,"0,00%",73,374,194,0,0,0,0,0,54,0
633,346,18,114,183,53,2,346,4,3,"75,00%",1,"25,00%",217,1186,607,10,6,1,1,3,238,8
634,63,7,30,32,1,1,63,0,0,"0,00%",0,"0,00%",39,173,111,0,0,0,1,0,46,0
635,6,0,0,3,3,2,6,0,0,"0,00%",0,"0,00%",4,8,3,0,0,0,0,1,6,2
636,338,35,134,183,22,0,338,2,0,"0,00%",2,"100,00%",179,679,288,2,1,0,6,0,214,8
637,348,1,23,142,184,34,348,22,4,"18,18%",15,"68,18%",270,1247,568,23,23,11,21,14,282,69
638,473,30,110,261,107,7,473,13,10,"76,92%",1,"7,69%",293,1837,898,12,17,0,7,3,364,15
639,266,5,29,146,94,8,266,14,6,"42,86%",6,"42,86%",188,1031,434,8,12,4,14,9,170,16
640,361,11,116,211,38,3,361,13,6,"46,15%",6,"46,15%",261,1454,648,13,4,2,7,5,292,10
641,571,73,276,272,27,3,571,5,2,"40,00%",3,"60,00%",396,2038,1060,9,7,0,2,3,421,5
642,259,19,104,122,37,3,259,4,1,"25,00%",2,"50,00%",143,710,381,8,7,1,4,1,143,6
643,127,1,15,42,70,5,127,3,1,"33,33%",2,"66,67%",87,429,174,4,1,3,2,2,105,25
644,363,71,235,127,4,2,363,5,3,"60,00%",2,"40,00%",235,1212,566,0,0,0,0,1,224,0
645,40,3,14,13,13,4,40,4,1,"25,00%",3,"75,00%",22,151,72,4,1,1,3,0,21,5
646,361,44,169,192,6,3,361,6,4,"66,67%",2,"33,33%",263,1644,881,1,1,0,6,3,256,0
647,113,96,112,1,0,0,113,0,0,"0,00%",0,"0,00%",66,303,154,0,0,0,0,0,55,0
648,386,8,42,178,170,10,386,16,5,"31,25%",9,"56,25%",263,1359,629,15,18,5,5,9,276,47
649,81,0,16,34,31,4,81,2,0,"0,00%",1,"50,00%",39,198,100,4,1,2,0,0,55,4
650,248,5,31,90,129,19,248,8,5,"62,50%",2,"25,00%",160,838,427,16,6,4,11,5,180,43
651,400,43,173,221,6,3,400,0,0,"0,00%",0,"0,00%",215,1328,750,0,2,0,2,2,278,0
652,20,1,6,12,2,1,20,0,0,"0,00%",0,"0,00%",13,85,49,2,0,0,0,0,12,0
653,320,33,137,171,16,2,320,1,0,"0,00%",1,"100,00%",192,1303,837,4,4,0,1,1,226,0
654,262,12,38,109,115,48,260,11,3,"27,27%",6,"54,55%",141,611,277,14,5,9,15,3,172,31
655,189,164,189,0,0,0,189,0,0,"0,00%",0,"0,00%",110,625,261,0,0,0,0,0,91,0
656,447,12,66,181,205,15,447,48,15,"31,25%",30,"62,50%",331,2110,863,24,14,6,22,16,307,67
657,341,19,107,146,93,7,340,10,3,"30,00%",6,"60,00%",160,710,334,7,3,1,5,4,171,10
658,451,24,132,219,103,10,451,5,2,"40,00%",2,"40,00%",281,1175,559,6,5,0,6,9,300,24
659,291,9,56,156,79,10,291,10,4,"40,00%",5,"50,00%",193,774,332,10,2,3,10,6,217,20
660,162,21,85,54,24,3,162,12,5,"41,67%",6,"50,00%",79,534,181,5,4,1,6,5,78,6
661,48,1,5,19,26,8,48,8,1,"12,50%",6,"75,00%",33,216,85,4,1,4,3,3,31,8
662,426,9,80,286,64,8,426,4,3,"75,00%",1,"25,00%",293,1637,723,10,5,0,7,4,330,4
663,70,0,11,22,37,9,70,2,0,"0,00%",2,"100,00%",48,374,202,8,3,4,3,3,51,15
664,291,13,76,110,108,5,291,10,3,"30,00%",3,"30,00%",126,530,203,10,6,2,7,9,173,34
665,172,135,169,3,0,0,172,0,0,"0,00%",0,"0,00%",102,428,289,0,0,0,0,0,98,0
666,52,8,33,17,2,1,52,0,0,"0,00%",0,"0,00%",37,133,30,0,0,0,1,0,31,0
667,218,33,112,102,7,4,218,2,1,"50,00%",1,"50,00%",116,473,218,1,1,0,2,0,141,0
668,90,17,63,23,5,3,90,1,0,"0,00%",1,"100,00%",48,270,120,1,0,0,0,0,55,1
669,103,7,29,54,24,7,103,12,5,"41,67%",6,"50,00%",48,303,110,3,2,2,9,5,50,6
670,474,33,209,242,27,3,474,6,3,"50,00%",2,"33,33%",318,1376,765,10,12,1,7,5,369,1
671,593,64,303,279,15,2,593,2,0,"0,00%",2,"100,00%",331,1642,886,10,3,1,2,3,390,0
672,616,19,127,337,157,15,616,16,6,"37,50%",7,"43,75%",286,1651,827,18,12,0,10,9,372,30
673,88,0,7,56,25,1,88,2,0,"0,00%",1,"50,00%",65,257,106,3,3,1,1,1,76,4
674,100,1,4,54,43,13,100,9,4,"44,44%",5,"55,56%",84,347,150,3,3,2,3,2,85,17
675,11,1,2,5,4,1,11,2,0,"0,00%",2,"100,00%",4,32,0,0,1,0,1,0,6,0
676,249,228,249,0,0,0,249,0,0,"0,00%",0,"0,00%",137,624,359,0,0,0,0,0,103,0
677,172,5,24,95,56,10,172,15,5,"33,33%",8,"53,33%",109,685,282,7,9,1,9,8,122,22
678,285,265,285,0,0,0,285,0,0,"0,00%",0,"0,00%",177,604,362,0,0,0,0,0,157,0
679,285,11,65,96,125,15,285,12,4,"33,33%",7,"58,33%",126,610,264,10,5,5,8,2,139,28
680,91,1,7,44,40,0,91,1,0,"0,00%",1,"100,00%",65,269,93,2,2,0,0,1,66,6
681,408,44,214,170,27,3,408,3,2,"66,67%",1,"33,33%",227,1116,441,3,2,0,5,1,239,0
682,55,48,55,0,0,0,55,0,0,"0,00%",0,"0,00%",24,150,92,0,0,0,0,0,10,0
683,318,10,93,203,26,0,318,15,10,"66,67%",3,"20,00%",178,812,333,3,3,0,8,15,186,4
684,228,16,66,96,68,4,228,3,0,"0,00%",1,"33,33%",101,504,214,4,5,1,4,4,105,12
685,119,108,118,1,0,0,119,0,0,"0,00%",0,"0,00%",73,303,96,0,0,0,0,0,72,0
686,118,0,6,47,65,5,118,3,2,"66,67%",1,"33,33%",90,562,194,5,4,2,3,2,86,20
687,672,75,332,330,12,1,672,5,4,"80,00%",0,"0,00%",511,2724,1563,9,4,0,3,1,524,0
688,394,22,99,219,80,8,393,8,5,"62,50%",2,"25,00%",243,961,473,5,4,1,10,6,234,9
689,21,7,14,6,1,0,21,0,0,"0,00%",0,"0,00%",9,53,38,0,0,0,0,0,15,0
690,711,17,104,349,268,27,711,20,11,"55,00%",7,"35,00%",427,2893,1734,43,31,6,19,7,537,56
691,557,50,248,280,31,22,557,1,1,"100,00%",0,"0,00%",296,1437,730,5,4,0,2,0,394,1
692,511,14,107,310,98,6,511,8,1,"12,50%",6,"75,00%",369,1866,591,8,6,1,5,4,407,28
693,203,40,128,70,5,1,203,1,1,"100,00%",0,"0,00%",69,418,160,1,1,1,1,0,109,0
694,180,6,34,77,70,5,180,5,2,"40,00%",3,"60,00%",98,446,269,8,5,1,4,0,126,19
695,452,10,56,317,84,3,452,4,1,"25,00%",3,"75,00%",352,1745,857,8,10,0,3,3,326,16
696,6,2,5,1,0,0,6,0,0,"0,00%",0,"0,00%",4,23,1,0,0,0,0,0,2,0
697,26,0,3,11,12,2,26,1,0,"0,00%",1,"100,00%",18,113,85,3,2,0,4,0,16,6
698,749,21,172,452,132,5,749,18,11,"61,11%",5,"27,78%",618,3206,1549,12,23,0,4,9,584,12
699,496,10,107,287,109,10,496,14,8,"57,14%",3,"21,43%",417,2206,941,11,22,1,16,10,385,16
700,285,246,285,0,0,0,285,0,0,"0,00%",0,"0,00%",175,818,475,0,0,0,1,0,132,0
701,131,6,8,64,61,22,131,2,0,"0,00%",2,"100,00%",72,345,145,6,4,1,8,8,92,27
702,195,7,37,93,72,9,195,13,5,"38,46%",7,"53,85%",96,601,319,10,11,1,10,12,100,16
703,122,37,90,32,1,1,122,0,0,"0,00%",0,"0,00%",50,262,91,0,0,0,2,2,60,0
704,219,13,68,103,54,4,219,5,4,"80,00%",1,"20,00%",115,660,392,9,8,2,2,0,137,11
705,27,1,10,10,7,1,27,2,1,"50,00%",1,"50,00%",18,70,25,1,1,0,1,0,20,3
706,68,9,35,31,2,0,68,0,0,"0,00%",0,"0,00%",49,299,200,0,1,0,0,0,50,0
707,120,3,37,54,31,1,120,2,2,"100,00%",0,"0,00%",63,480,322,9,6,0,0,0,67,3
708,275,3,25,123,128,27,275,11,4,"36,36%",5,"45,45%",215,1381,706,24,19,10,10,12,235,56
709,57,3,15,22,20,5,57,0,0,"0,00%",0,"0,00%",43,143,80,2,2,1,0,0,42,7
710,38,0,7,12,19,1,38,0,0,"0,00%",0,"0,00%",23,85,38,0,0,0,1,0,31,6
711,386,24,139,219,28,5,386,2,1,"50,00%",1,"50,00%",270,1226,423,2,4,0,2,2,281,2
712,92,8,24,37,32,5,92,0,0,"0,00%",0,"0,00%",32,193,37,1,2,0,0,1,29,9
713,124,7,29,41,56,8,124,4,2,"50,00%",2,"50,00%",73,344,175,3,2,1,1,1,80,13
714,49,4,12,23,16,1,49,2,1,"50,00%",0,"0,00%",32,129,34,0,1,0,5,1,35,3
715,51,0,6,21,25,4,51,4,2,"50,00%",2,"50,00%",35,162,64,2,3,2,4,4,46,6
716,60,6,19,22,19,2,60,2,1,"50,00%",1,"50,00%",35,181,90,0,4,0,2,1,31,4
717,45,0,7,19,21,1,45,3,2,"66,67%",0,"0,00%",40,263,131,2,2,1,3,2,38,7
718,52,2,12,32,9,1,52,1,0,"0,00%",1,"100,00%",39,202,106,4,2,0,1,1,39,2
719,475,14,101,299,87,16,475,25,14,"56,00%",7,"28,00%",346,1537,709,15,15,5,12,11,356,17
720,11,0,3,4,4,0,11,2,1,"50,00%",1,"50,00%",5,119,83,3,2,0,0,0,6,2
721,96,6,41,50,6,0,96,5,3,"60,00%",0,"0,00%",26,95,25,0,0,0,3,0,48,1
722,49,1,6,22,22,2,49,3,0,"0,00%",3,"100,00%",33,214,114,5,4,1,3,1,35,9
723,427,5,46,214,171,17,424,15,8,"53,33%",5,"33,33%",292,1162,513,12,15,2,5,3,324,24
724,118,3,9,32,79,12,118,10,4,"40,00%",5,"50,00%",80,552,201,11,6,3,1,2,80,26
725,160,5,48,76,37,6,160,10,2,"20,00%",7,"70,00%",109,705,325,8,8,2,13,8,112,12
726,47,4,15,29,3,0,47,1,0,"0,00%",1,"100,00%",27,143,65,3,0,0,1,0,30,2
727,0,0,0,0,0,0,0,0,0,"0,00%",0,"0,00%",0,0,0,0,0,0,0,0,0,0
