ID,Goles,Goles_de_no_penalti,Penaltis_convertidos,Penaltis_intentados,Tiros_de_falta,Goles,Tiros,Tiros_a_puerta,Porcent_tiros,Tiros/90,Tiros_a_puerta/90,Goles/tiros,Goles/tiros_a_puerta,Media_distancia_de_tiro
1,0,0,0,0,0,0,5,1,"20,00%",02.07,0.41,0.00,0.00,18.9
2,0,0,0,0,0,0,0,0,"0,00%",0.00,0.00,0,0,0
3,0,0,0,0,1,0,11,2,"18,18%",2.48,0.45,0.00,0.00,25.1
4,0,0,0,0,0,0,8,2,"25,00%",0.78,0.20,0.00,0.00,21.5
5,0,0,0,0,0,0,2,0,"0,00%",0.82,0.00,0.00,0,27.4
6,1,1,0,0,0,1,5,3,"60,00%",2.21,1.32,0.20,0.33,8.4
7,0,0,0,0,0,0,0,0,"0,00%",0.00,0.00,0,0,0
8,0,0,0,0,0,0,6,2,"33,33%",1.15,0.38,0.00,0.00,16.0
9,2,2,0,0,0,2,11,3,"27,27%",2.63,0.72,0.18,0.67,16.9
10,0,0,0,0,0,0,3,1,"33,33%",2.23,0.74,0.00,0.00,15.6
11,1,1,0,0,0,1,7,4,"57,14%",0.67,0.38,0.14,0.25,16.4
12,0,0,0,0,0,0,4,1,"25,00%",0.59,0.15,0.00,0.00,15.0
13,0,0,0,0,3,0,5,3,"60,00%",0.63,0.38,0.00,0.00,23.9
14,0,0,0,0,0,0,0,0,"0,00%",0.00,0.00,0,0,0
15,0,0,0,0,0,0,0,0,"0,00%",0.00,0.00,0,0,0
16,0,0,0,0,0,0,3,2,"66,67%",0.88,0.59,0.00,0.00,24.8
17,1,1,0,0,3,1,9,4,"44,44%",1.30,0.58,0.11,0.25,23.9
18,0,0,0,0,0,0,3,1,"33,33%",2.23,0.74,0.00,0.00,31.1
19,1,1,0,0,0,1,2,2,"100,00%",2.47,2.47,0.50,0.50,16.1
20,0,0,0,0,0,0,0,0,"0,00%",0.00,0.00,0,0,0
21,1,1,0,0,0,1,3,1,"33,33%",0.67,0.22,0.33,1.00,13.3
22,0,0,0,0,0,0,0,0,"0,00%",0.00,0.00,0,0,0
23,1,1,0,0,0,1,10,2,"20,00%",1.69,0.34,0.10,0.50,13.1
24,3,3,0,0,0,3,14,6,"42,86%",2.66,1.14,0.21,0.50,13.7
25,0,0,0,0,0,0,3,0,"0,00%",2.20,0.00,0.00,0,25.6
26,1,1,0,0,0,1,5,1,"20,00%",1.11,0.22,0.20,1.00,22.6
27,0,0,0,0,0,0,0,0,"0,00%",0.00,0.00,0,0,0
28,0,0,0,0,0,0,0,0,"0,00%",0.00,0.00,0,0,0
29,0,0,0,0,0,0,1,0,"0,00%",0.42,0.00,0.00,0,12.3
30,1,1,0,0,0,1,1,1,"100,00%",10.00,10.00,1.00,1.00,7.4
31,0,0,0,0,0,0,1,1,"100,00%",1.00,1.00,0.00,0.00,11.9
32,1,1,0,0,0,1,5,3,"60,00%",1.69,01.01,0.20,0.33,18.1
33,1,1,0,0,1,1,8,4,"50,00%",2.42,1.21,0.13,0.25,21.0
34,0,0,0,0,0,0,0,0,"0,00%",0.00,0.00,0,0,0
35,2,2,0,0,0,2,2,2,"100,00%",1.62,1.62,1.00,1.00,7.9
36,3,3,0,0,0,3,12,5,"41,67%",3.33,1.39,0.25,0.60,18.8
37,0,0,0,0,0,0,1,1,"100,00%",0.70,0.70,0.00,0.00,7.4
38,2,2,0,0,1,2,14,7,"50,00%",04.09,02.05,0.14,0.29,21.4
39,2,2,0,0,0,2,15,8,"53,33%",3.35,1.79,0.13,0.25,11.7
40,0,0,0,0,0,0,0,0,"0,00%",0.00,0.00,0,0,0
41,1,1,0,0,0,1,6,1,"16,67%",0.87,0.15,0.17,1.00,15.1
42,0,0,0,0,0,0,0,0,"0,00%",0.00,0.00,0,0,0
43,0,0,0,0,0,0,0,0,"0,00%",0.00,0.00,0,0,0
44,0,0,0,0,0,0,1,0,"0,00%",02.05,0.00,0.00,0,10.4
45,0,0,0,0,0,0,2,0,"0,00%",0.28,0.00,0.00,0,22.6
46,0,0,0,0,0,0,1,0,"0,00%",0.30,0.00,0.00,0,22.5
47,0,0,0,0,0,0,2,1,"50,00%",1.65,0.83,0.00,0.00,33.1
48,0,0,0,0,0,0,6,1,"16,67%",1.60,0.27,0.00,0.00,19.1
49,0,0,0,0,0,0,1,0,"0,00%",0.53,0.00,0.00,0,30.7
50,1,1,0,0,0,1,3,1,"33,33%",0.55,0.18,0.33,1.00,8.4
51,0,0,0,0,0,0,0,0,"0,00%",0.00,0.00,0,0,0
52,0,0,0,0,0,0,0,0,"0,00%",0.00,0.00,0,0,0
53,0,0,0,0,0,0,3,1,"33,33%",2.76,0.92,0.00,0.00,14.7
54,3,3,0,0,0,3,20,5,"25,00%",1.82,0.45,0.15,0.60,22.4
55,0,0,0,0,0,0,0,0,"0,00%",0.00,0.00,0,0,0
56,0,0,0,0,0,0,0,0,"0,00%",0.00,0.00,0,0,0
57,0,0,0,0,0,0,0,0,"0,00%",0.00,0.00,0,0,0
58,0,0,0,0,0,0,0,0,"0,00%",0.00,0.00,0,0,0
59,0,0,0,0,0,0,4,2,"50,00%",2.69,1.34,0.00,0.00,22.6
60,0,0,0,0,0,0,4,1,"25,00%",0.37,0.09,0.00,0.00,15.2
61,0,0,0,0,0,0,2,0,"0,00%",0.40,0.00,0.00,0,8.1
62,0,0,0,0,0,0,0,0,"0,00%",0.00,0.00,0,0,0
63,0,0,0,0,0,0,0,0,"0,00%",0.00,0.00,0,0,0
64,0,0,0,0,0,0,1,1,"100,00%",0.50,0.50,0.00,0.00,19.8
65,4,4,0,0,0,4,11,4,"36,36%",1.57,0.57,0.36,1.00,14.6
66,1,1,0,0,0,1,7,3,"42,86%",01.08,0.46,0.14,0.33,23.6
67,1,1,0,0,0,1,5,1,"20,00%",0.89,0.18,0.20,1.00,20.8
68,4,4,0,0,0,4,35,18,"51,43%",4.23,2.18,0.11,0.22,14.7
69,2,2,0,0,0,2,13,3,"23,08%",2.53,0.58,0.15,0.67,24.2
70,2,1,1,1,0,2,9,4,"44,44%",1.56,0.69,0.11,0.25,21.8
71,0,0,0,0,0,0,0,0,"0,00%",0.00,0.00,0,0,0
72,0,0,0,0,0,0,2,0,"0,00%",0.66,0.00,0.00,0,7.3
73,0,0,0,0,0,0,0,0,"0,00%",0.00,0.00,0,0,0
74,0,0,0,0,0,0,2,0,"0,00%",0.37,0.00,0.00,0,19.7
75,0,0,0,0,0,0,3,1,"33,33%",1.48,0.49,0.00,0.00,26.1
76,0,0,0,0,0,0,0,0,"0,00%",0.00,0.00,0,0,0
77,0,0,0,0,0,0,0,0,"0,00%",0.00,0.00,0,0,0
78,0,0,0,0,0,0,3,0,"0,00%",0.66,0.00,0.00,0,18.0
79,0,0,0,0,1,0,3,1,"33,33%",6.92,2.31,0.00,0.00,20.7
80,0,0,0,0,0,0,0,0,"0,00%",0.00,0.00,0,0,0
81,0,0,0,0,0,0,1,1,"100,00%",0.17,0.17,0.00,0.00,9.4
82,0,0,0,0,0,0,0,0,"0,00%",0.00,0.00,0,0,0
83,1,1,0,0,0,1,2,1,"50,00%",0.41,0.20,0.50,1.00,16.3
84,0,0,0,0,0,0,1,0,"0,00%",2.31,0.00,0.00,0,22.2
85,0,0,0,0,0,0,6,2,"33,33%",2.37,0.79,0.00,0.00,16.4
86,0,0,0,0,0,0,0,0,"0,00%",0.00,0.00,0,0,0
87,0,0,0,0,0,0,0,0,"0,00%",0.00,0.00,0,0,0
88,1,1,0,0,1,1,12,3,"25,00%",2.27,0.57,0.08,0.33,19.0
89,0,0,0,0,0,0,3,0,"0,00%",1.00,0.00,0.00,0,18.1
90,0,0,0,0,0,0,0,0,"0,00%",0.00,0.00,0,0,0
91,0,0,0,0,0,0,1,0,"0,00%",0.78,0.00,0.00,0,12.0
92,0,0,0,0,1,0,4,0,"0,00%",0.66,0.00,0.00,0,24.6
93,0,0,0,0,0,0,3,0,"0,00%",0.74,0.00,0.00,0,23.2
94,0,0,0,0,0,0,8,1,"12,50%",1.38,0.17,0.00,0.00,20.8
95,0,0,0,0,0,0,1,0,"0,00%",3.10,0.00,0.00,0,23.5
96,0,0,0,0,0,0,2,0,"0,00%",0.62,0.00,0.00,0,13.8
97,0,0,0,0,0,0,0,0,"0,00%",0.00,0.00,0,0,0
98,0,0,0,0,0,0,0,0,"0,00%",0.00,0.00,0,0,0
99,0,0,0,0,0,0,0,0,"0,00%",0.00,0.00,0,0,0
100,0,0,0,0,0,0,3,0,"0,00%",0.54,0.00,0.00,0,20.8
101,1,1,0,0,1,1,13,4,"30,77%",1.46,0.45,0.08,0.25,26.6
102,0,0,0,0,0,0,4,1,"25,00%",0.50,0.12,0.00,0.00,19.4
103,0,0,0,0,0,0,6,2,"33,33%",0.96,0.32,0.00,0.00,30.9
104,0,0,0,0,0,0,0,0,"0,00%",0.00,0.00,0,0,0
105,0,0,0,0,0,0,8,2,"25,00%",1.91,0.48,0.00,0.00,25.6
106,0,0,0,0,0,0,3,0,"0,00%",1.00,0.00,0.00,0,13.5
107,0,0,0,0,0,0,0,0,"0,00%",0.00,0.00,0,0,0
108,0,0,0,0,0,0,3,0,"0,00%",0.75,0.00,0.00,0,9.1
109,0,0,0,0,0,0,2,1,"50,00%",0.40,0.20,0.00,0.00,12.0
110,0,0,0,0,0,0,3,0,"0,00%",0.60,0.00,0.00,0,15.5
111,1,1,0,1,2,1,12,5,"41,67%",3.94,1.64,0.08,0.20,23.0
112,0,0,0,0,0,0,2,0,"0,00%",0.50,0.00,0.00,0,12.0
113,0,0,0,0,0,0,2,0,"0,00%",0.21,0.00,0.00,0,18.4
114,0,0,0,0,0,0,4,0,"0,00%",3.13,0.00,0.00,0,21.9
115,0,0,0,0,0,0,0,0,"0,00%",0.00,0.00,0,0,0
116,0,0,0,0,0,0,2,2,"100,00%",02.09,02.09,0.00,0.00,14.2
117,0,0,0,0,0,0,1,0,"0,00%",2.81,0.00,0.00,0,15.4
118,0,0,0,0,0,0,0,0,"0,00%",0.00,0.00,0,0,0
119,0,0,0,0,0,0,6,0,"0,00%",1.23,0.00,0.00,0,13.1
120,0,0,0,0,1,0,1,1,"100,00%",7.50,7.50,0.00,0.00,34.1
121,2,1,1,1,2,2,19,4,"21,05%",3.17,0.67,0.05,0.25,27.2
122,0,0,0,0,0,0,1,0,"0,00%",5.29,0.00,0.00,0,15.4
123,0,0,0,0,0,0,6,0,"0,00%",0.97,0.00,0.00,0,21.0
124,0,0,0,0,0,0,7,1,"14,29%",1.56,0.22,0.00,0.00,16.7
125,2,1,1,1,0,2,10,3,"30,00%",2.49,0.75,0.10,0.33,14.6
126,0,0,0,0,0,0,1,1,"100,00%",0.42,0.42,0.00,0.00,12.2
127,0,0,0,0,0,0,7,3,"42,86%",1.31,0.56,0.00,0.00,13.1
128,0,0,0,0,0,0,5,1,"20,00%",1.10,0.22,0.00,0.00,19.8
129,0,0,0,0,0,0,3,0,"0,00%",1.59,0.00,0.00,0,20.9
130,0,0,0,0,0,0,2,0,"0,00%",0.46,0.00,0.00,0,11.0
131,0,0,0,0,0,0,0,0,"0,00%",0.00,0.00,0,0,0
132,0,0,0,0,0,0,4,1,"25,00%",1.27,0.32,0.00,0.00,14.6
133,1,1,0,0,0,1,14,5,"35,71%",2.36,0.84,0.07,0.20,16.7
134,1,1,0,0,0,1,1,1,"100,00%",5.29,5.29,1.00,1.00,13.5
135,0,0,0,0,0,0,0,0,"0,00%",0.00,0.00,0,0,0
136,0,0,0,0,0,0,1,0,"0,00%",0.83,0.00,0.00,0,10.0
137,0,0,0,0,0,0,1,0,"0,00%",0.24,0.00,0.00,0,25.4
138,0,0,0,0,0,0,9,4,"44,44%",2.57,1.14,0.00,0.00,16.0
139,1,1,0,0,0,1,5,3,"60,00%",1.48,0.89,0.20,0.33,14.6
140,0,0,0,0,0,0,1,0,"0,00%",1.23,0.00,0.00,0,28.5
141,0,0,0,0,0,0,0,0,"0,00%",0.00,0.00,0,0,0
142,0,0,0,0,0,0,0,0,"0,00%",0.00,0.00,0,0,0
143,0,0,0,0,0,0,0,0,"0,00%",0.00,0.00,0,0,0
144,0,0,0,0,0,0,5,1,"20,00%",01.04,0.21,0.00,0.00,23.4
145,0,0,0,0,0,0,1,1,"100,00%",0.22,0.22,0.00,0.00,4.8
146,0,0,0,0,0,0,5,1,"20,00%",3.69,0.74,0.00,0.00,16.1
147,0,0,0,0,0,0,2,1,"50,00%",1.12,0.56,0.00,0.00,14.1
148,0,0,0,0,0,0,2,0,"0,00%",0.42,0.00,0.00,0,8.9
149,0,0,0,0,0,0,0,0,"0,00%",0.00,0.00,0,0,0
150,0,0,0,0,0,0,2,0,"0,00%",0.41,0.00,0.00,0,24.1
151,0,0,0,0,0,0,2,0,"0,00%",0.22,0.00,0.00,0,19.2
152,1,1,0,0,0,1,10,1,"10,00%",3.80,0.38,0.10,1.00,15.9
153,0,0,0,0,0,0,5,2,"40,00%",0.75,0.30,0.00,0.00,15.9
154,0,0,0,0,0,0,2,0,"0,00%",0.46,0.00,0.00,0,31.0
155,0,0,0,0,0,0,2,0,"0,00%",0.69,0.00,0.00,0,20.1
156,0,0,0,0,0,0,0,0,"0,00%",0.00,0.00,0,0,0
157,2,2,0,0,2,2,16,7,"43,75%",02.01,0.88,0.13,0.29,23.6
158,0,0,0,0,0,0,4,1,"25,00%",1.54,0.38,0.00,0.00,12.0
159,1,1,0,0,0,1,5,4,"80,00%",1.76,1.41,0.20,0.25,24.5
160,0,0,0,0,0,0,0,0,"0,00%",0.00,0.00,0,0,0
161,0,0,0,0,0,0,3,1,"33,33%",0.50,0.17,0.00,0.00,18.7
162,0,0,0,0,0,0,3,0,"0,00%",1.17,0.00,0.00,0,19.8
163,1,1,0,0,0,1,10,5,"50,00%",2.18,01.09,0.10,0.20,20.4
164,0,0,0,1,0,0,6,2,"33,33%",02.01,0.67,0.00,0.00,27.0
165,0,0,0,0,0,0,2,0,"0,00%",0.94,0.00,0.00,0,8.5
166,2,2,0,0,0,2,13,5,"38,46%",1.32,0.51,0.15,0.40,12.3
167,0,0,0,0,0,0,4,1,"25,00%",2.47,0.62,0.00,0.00,15.5
168,2,2,0,0,0,2,16,10,"62,50%",2.85,1.78,0.13,0.20,18.6
169,0,0,0,0,0,0,1,0,"0,00%",0.40,0.00,0.00,0,32.5
170,1,1,0,0,0,1,13,5,"38,46%",1.12,0.43,0.08,0.20,11.3
171,1,1,0,0,0,1,11,4,"36,36%",1.64,0.60,0.09,0.25,15.6
172,1,1,0,0,0,1,9,3,"33,33%",03.01,1.00,0.11,0.33,18.5
173,0,0,0,0,1,0,9,2,"22,22%",1.31,0.29,0.00,0.00,12.4
174,0,0,0,0,0,0,3,0,"0,00%",0.81,0.00,0.00,0,8.8
175,0,0,0,0,0,0,13,2,"15,38%",1.61,0.25,0.00,0.00,16.9
176,0,0,0,0,0,0,2,0,"0,00%",0.75,0.00,0.00,0,20.3
177,0,0,0,0,0,0,0,0,"0,00%",0.00,0.00,0,0,0
178,0,0,0,0,0,0,4,1,"25,00%",4.74,1.18,0.00,0.00,17.8
179,0,0,0,0,0,0,1,0,"0,00%",0.82,0.00,0.00,0,8.5
180,0,0,0,0,0,0,0,0,"0,00%",0.00,0.00,0,0,0
181,0,0,0,0,0,0,1,0,"0,00%",2.81,0.00,0.00,0,17.8
182,0,0,0,0,0,0,1,1,"100,00%",0.95,0.95,0.00,0.00,11.7
183,1,1,0,0,0,1,11,5,"45,45%",1.12,0.51,0.09,0.20,10.6
184,4,4,0,0,0,4,23,11,"47,83%",2.51,1.20,0.17,0.36,12.4
185,0,0,0,0,0,0,0,0,"0,00%",0.00,0.00,0,0,0
186,0,0,0,0,0,0,2,1,"50,00%",0.67,0.33,0.00,0.00,20.4
187,2,2,0,0,0,2,7,5,"71,43%",1.79,1.28,0.29,0.40,15.4
188,0,0,0,0,0,0,2,2,"100,00%",2.90,2.90,0.00,0.00,14.1
189,2,2,0,0,0,2,11,6,"54,55%",2.51,1.37,0.18,0.33,19.0
190,0,0,0,0,1,0,4,1,"25,00%",1.26,0.32,0.00,0.00,21.1
191,0,0,0,0,0,0,8,4,"50,00%",1.33,0.66,0.00,0.00,15.5
192,2,2,0,0,0,2,12,6,"50,00%",4.41,2.20,0.17,0.33,11.2
193,0,0,0,0,0,0,0,0,"0,00%",0.00,0.00,0,0,0
194,0,0,0,0,0,0,0,0,"0,00%",0.00,0.00,0,0,0
195,2,2,0,0,0,2,12,6,"50,00%",1.82,0.91,0.17,0.33,15.8
196,1,1,0,0,0,1,9,2,"22,22%",1.58,0.35,0.11,0.50,10.3
197,0,0,0,0,0,0,0,0,"0,00%",0.00,0.00,0,0,0
198,0,0,0,0,0,0,0,0,"0,00%",0.00,0.00,0,0,0
199,0,0,0,0,0,0,1,0,"0,00%",0.48,0.00,0.00,0,18.1
200,0,0,0,0,0,0,2,1,"50,00%",02.02,01.01,0.00,0.00,21.2
201,0,0,0,0,0,0,13,2,"15,38%",4.80,0.74,0.00,0.00,16.6
202,0,0,0,0,0,0,2,0,"0,00%",2.00,0.00,0.00,0,7.4
203,0,0,0,0,0,0,13,5,"38,46%",4.80,1.84,0.00,0.00,15.9
204,0,0,0,0,1,0,7,3,"42,86%",2.90,1.24,0.00,0.00,22.2
205,0,0,0,0,0,0,0,0,"0,00%",0.00,0.00,0,0,0
206,0,0,0,0,0,0,11,3,"27,27%",2.32,0.63,0.00,0.00,25.2
207,0,0,0,0,0,0,8,3,"37,50%",2.17,0.81,0.00,0.00,26.0
208,0,0,0,0,0,0,4,2,"50,00%",5.63,2.81,0.00,0.00,16.5
209,0,0,0,0,0,0,0,0,"0,00%",0.00,0.00,0,0,0
210,2,2,0,0,0,2,6,3,"50,00%",1.29,0.65,0.33,0.67,10.2
211,1,1,0,0,0,1,9,5,"55,56%",2.11,1.17,0.11,0.20,16.1
212,1,1,0,0,0,1,2,1,"50,00%",0.45,0.23,0.50,1.00,9.0
213,0,0,0,0,0,0,0,0,"0,00%",0.00,0.00,0,0,0
214,0,0,0,0,0,0,0,0,"0,00%",0.00,0.00,0,0,0
215,1,1,0,0,0,1,6,4,"66,67%",1.34,0.90,0.17,0.25,16.4
216,0,0,0,0,0,0,0,0,"0,00%",0.00,0.00,0,0,0
217,0,0,0,0,0,0,0,0,"0,00%",0.00,0.00,0,0,0
218,1,1,0,0,0,1,5,2,"40,00%",1.84,0.74,0.20,0.50,17.0
219,0,0,0,0,0,0,0,0,"0,00%",0.00,0.00,0,0,0
220,0,0,0,0,0,0,4,0,"0,00%",0.96,0.00,0.00,0,16.5
221,0,0,0,0,0,0,11,4,"36,36%",2.76,1.00,0.00,0.00,13.4
222,1,1,0,0,0,1,1,1,"100,00%",0.43,0.43,1.00,1.00,4.2
223,0,0,0,0,0,0,0,0,"0,00%",0.00,0.00,0,0,0
224,0,0,0,0,0,0,1,1,"100,00%",0.78,0.78,0.00,0.00,13.8
225,0,0,0,0,0,0,2,1,"50,00%",1.18,0.59,0.00,0.00,17.1
226,2,2,0,0,1,2,15,5,"33,33%",2.40,0.80,0.13,0.40,16.6
227,0,0,0,0,0,0,9,3,"33,33%",2.69,0.90,0.00,0.00,15.0
228,0,0,0,0,0,0,0,0,"0,00%",0.00,0.00,0,0,0
229,0,0,0,0,0,0,0,0,"0,00%",0.00,0.00,0,0,0
230,0,0,0,0,0,0,2,0,"0,00%",0.55,0.00,0.00,0,24.5
231,0,0,0,0,0,0,0,0,"0,00%",0.00,0.00,0,0,0
232,1,1,0,0,0,1,10,3,"30,00%",3.66,1.10,0.10,0.33,14.5
233,0,0,0,0,0,0,1,0,"0,00%",0.36,0.00,0.00,0,3.4
234,0,0,0,0,0,0,1,0,"0,00%",2.25,0.00,0.00,0,17.2
235,0,0,0,0,0,0,0,0,"0,00%",0.00,0.00,0,0,0
236,5,3,2,3,0,5,23,13,"56,52%",2.22,1.26,0.13,0.23,13.8
237,2,2,0,0,1,2,10,4,"40,00%",2.62,01.05,0.20,0.50,19.3
238,0,0,0,0,0,0,1,0,"0,00%",0.17,0.00,0.00,0,5.6
239,0,0,0,0,0,0,1,0,"0,00%",0.29,0.00,0.00,0,10.3
240,0,0,0,0,0,0,1,0,"0,00%",0.30,0.00,0.00,0,16.6
241,0,0,0,0,0,0,6,2,"33,33%",2.20,0.73,0.00,0.00,23.2
242,0,0,0,0,0,0,7,2,"28,57%",02.07,0.59,0.00,0.00,22.5
243,0,0,0,0,0,0,1,1,"100,00%",2.25,2.25,0.00,0.00,30.3
244,0,0,0,0,0,0,3,3,"100,00%",0.74,0.74,0.00,0.00,18.2
245,2,2,0,0,0,2,16,7,"43,75%",2.38,01.04,0.13,0.29,18.7
246,1,1,0,0,0,1,4,4,"100,00%",0.85,0.85,0.25,0.25,11.6
247,0,0,0,0,0,0,4,0,"0,00%",0.69,0.00,0.00,0,19.0
248,0,0,0,0,0,0,1,0,"0,00%",0.29,0.00,0.00,0,13.0
249,0,0,0,0,0,0,0,0,"0,00%",0.00,0.00,0,0,0
250,0,0,0,0,0,0,4,2,"50,00%",1.42,0.71,0.00,0.00,20.8
251,0,0,0,0,0,0,0,0,"0,00%",0.00,0.00,0,0,0
252,0,0,0,0,0,0,16,3,"18,75%",1.54,0.29,0.00,0.00,17.4
253,1,1,0,1,1,1,20,11,"55,00%",4.43,2.44,0.05,0.09,16.3
254,0,0,0,0,0,0,0,0,"0,00%",0.00,0.00,0,0,0
255,2,2,0,0,6,2,15,5,"33,33%",1.50,0.50,0.13,0.40,23.3
256,0,0,0,0,0,0,7,2,"28,57%",2.27,0.65,0.00,0.00,18.3
257,0,0,0,0,0,0,2,0,"0,00%",0.36,0.00,0.00,0,25.7
258,0,0,0,0,0,0,1,0,"0,00%",02.09,0.00,0.00,0,21.1
259,2,1,1,1,1,2,7,2,"28,57%",1.51,0.43,0.14,0.50,24.1
260,2,2,0,0,0,2,6,3,"50,00%",1.13,0.56,0.33,0.67,22.8
261,0,0,0,0,0,0,0,0,"0,00%",0.00,0.00,0,0,0
262,0,0,0,0,0,0,0,0,"0,00%",0.00,0.00,0,0,0
263,1,1,0,0,1,1,19,8,"42,11%",1.72,0.72,0.05,0.13,19.4
264,2,2,0,0,0,2,2,2,"100,00%",0.33,0.33,1.00,1.00,4.1
265,12,11,1,2,0,12,39,25,"64,10%",4.17,2.68,0.28,0.44,12.1
266,0,0,0,0,0,0,6,2,"33,33%",1.59,0.53,0.00,0.00,21.3
267,0,0,0,0,0,0,4,2,"50,00%",0.62,0.31,0.00,0.00,15.6
268,0,0,0,0,0,0,2,2,"100,00%",0.79,0.79,0.00,0.00,15.0
269,0,0,0,0,0,0,2,0,"0,00%",1.26,0.00,0.00,0,10.2
270,0,0,0,0,0,0,1,0,"0,00%",0.54,0.00,0.00,0,12.2
271,1,1,0,0,0,1,9,5,"55,56%",2.13,1.18,0.11,0.20,18.7
272,0,0,0,0,0,0,0,0,"0,00%",0.00,0.00,0,0,0
273,0,0,0,0,0,0,0,0,"0,00%",0.00,0.00,0,0,0
274,0,0,0,0,0,0,6,2,"33,33%",1.21,0.40,0.00,0.00,24.9
275,0,0,0,0,0,0,1,0,"0,00%",0.21,0.00,0.00,0,16.7
276,2,1,1,1,0,2,24,7,"29,17%",3.49,01.02,0.04,0.14,14.1
277,1,1,0,0,0,1,2,1,"50,00%",1.36,0.68,0.50,1.00,6.9
278,1,1,0,0,1,1,4,1,"25,00%",1.80,0.45,0.25,1.00,21.2
279,0,0,0,0,0,0,1,0,"0,00%",0.43,0.00,0.00,0,24.6
280,0,0,0,0,0,0,2,0,"0,00%",0.35,0.00,0.00,0,8.5
281,0,0,0,0,0,0,0,0,"0,00%",0.00,0.00,0,0,0
282,0,0,0,0,0,0,0,0,"0,00%",0.00,0.00,0,0,0
283,0,0,0,0,0,0,2,0,"0,00%",0.89,0.00,0.00,0,13.4
284,1,1,0,0,0,1,4,1,"25,00%",2.28,0.57,0.25,1.00,15.7
285,1,1,0,0,0,1,1,1,"100,00%",0.52,0.52,1.00,1.00,3.3
286,0,0,0,0,3,0,10,2,"20,00%",0.95,0.19,0.00,0.00,27.2
287,2,2,0,0,0,2,15,8,"53,33%",2.18,1.17,0.13,0.25,18.4
288,0,0,0,0,0,0,1,0,"0,00%",0.20,0.00,0.00,0,27.8
289,0,0,0,0,1,0,5,5,"100,00%",1.64,1.64,0.00,0.00,19.3
290,0,0,0,0,0,0,3,1,"33,33%",0.93,0.31,0.00,0.00,18.7
291,0,0,0,0,0,0,0,0,"0,00%",0.00,0.00,0,0,0
292,1,1,0,0,0,1,8,2,"25,00%",1.56,0.39,0.13,0.50,18.8
293,0,0,0,0,0,0,1,0,"0,00%",0.29,0.00,0.00,0,8.5
294,1,1,0,0,0,1,6,2,"33,33%",0.87,0.29,0.17,0.50,22.5
295,0,0,0,0,0,0,0,0,"0,00%",0.00,0.00,0,0,0
296,0,0,0,0,0,0,1,0,"0,00%",0.17,0.00,0.00,0,4.1
297,1,1,0,0,1,1,8,5,"62,50%",1.80,1.13,0.13,0.20,19.9
298,0,0,0,0,0,0,0,0,"0,00%",0.00,0.00,0,0,0
299,0,0,0,0,0,0,8,4,"50,00%",1.37,0.69,0.00,0.00,19.5
300,0,0,0,0,0,0,0,0,"0,00%",0.00,0.00,0,0,0
301,0,0,0,0,0,0,2,0,"0,00%",0.29,0.00,0.00,0,22.3
302,1,1,0,0,1,1,8,3,"37,50%",01.04,0.39,0.13,0.33,20.3
303,0,0,0,0,0,0,0,0,"0,00%",0.00,0.00,0,0,0
304,0,0,0,0,0,0,4,1,"25,00%",3.16,0.79,0.00,0.00,13.0
305,0,0,0,0,0,0,0,0,"0,00%",0.00,0.00,0,0,0
306,0,0,0,0,0,0,0,0,"0,00%",0.00,0.00,0,0,0
307,0,0,0,0,0,0,3,0,"0,00%",0.89,0.00,0.00,0,13.9
308,0,0,0,0,0,0,3,1,"33,33%",0.50,0.17,0.00,0.00,11.6
309,0,0,0,0,0,0,0,0,"0,00%",0.00,0.00,0,0,0
310,0,0,0,0,0,0,4,1,"25,00%",1.35,0.34,0.00,0.00,19.7
311,0,0,0,0,0,0,3,2,"66,67%",0.93,0.62,0.00,0.00,8.5
312,0,0,0,0,0,0,3,0,"0,00%",2.70,0.00,0.00,0,15.1
313,0,0,0,0,0,0,0,0,"0,00%",0.00,0.00,0,0,0
314,0,0,0,0,0,0,0,0,"0,00%",0.00,0.00,0,0,0
315,1,0,1,1,0,1,2,1,"50,00%",0.43,0.22,0.00,0.00,22.5
316,0,0,0,0,0,0,7,3,"42,86%",2.40,01.03,0.00,0.00,15.8
317,7,7,0,0,0,7,38,19,"50,00%",3.52,1.76,0.18,0.37,13.6
318,0,0,0,1,0,0,1,0,"0,00%",0.17,0.00,0.00,0,36.6
319,2,1,1,1,0,2,10,6,"60,00%",1.76,01.06,0.10,0.17,21.5
320,0,0,0,0,0,0,1,0,"0,00%",0.80,0.00,0.00,0,11.5
321,0,0,0,0,0,0,2,2,"100,00%",0.24,0.24,0.00,0.00,25.6
322,0,0,0,0,0,0,3,2,"66,67%",0.55,0.37,0.00,0.00,30.9
323,3,2,1,1,0,3,12,5,"41,67%",1.55,0.65,0.17,0.40,17.5
324,0,0,0,0,0,0,0,0,"0,00%",0.00,0.00,0,0,0
325,0,0,0,0,0,0,4,2,"50,00%",2.98,1.49,0.00,0.00,23.8
326,0,0,0,0,0,0,0,0,"0,00%",0.00,0.00,0,0,0
327,1,0,1,2,2,1,20,4,"20,00%",2.50,0.50,0.00,0.00,17.2
328,0,0,0,0,0,0,2,0,"0,00%",1.10,0.00,0.00,0,9.6
329,0,0,0,0,0,0,0,0,"0,00%",0.00,0.00,0,0,0
330,1,1,0,0,0,1,4,2,"50,00%",3.24,1.62,0.25,0.50,10.7
331,0,0,0,0,0,0,7,1,"14,29%",1.24,0.18,0.00,0.00,23.9
332,1,1,0,0,0,1,3,2,"66,67%",0.99,0.66,0.33,0.50,8.8
333,0,0,0,0,0,0,1,0,"0,00%",0.21,0.00,0.00,0,10.4
334,1,0,1,1,4,1,21,9,"42,86%",2.33,1.00,0.00,0.00,28.3
335,0,0,0,0,0,0,0,0,"0,00%",0.00,0.00,0,0,0
336,0,0,0,0,0,0,1,0,"0,00%",0.24,0.00,0.00,0,11.7
337,0,0,0,0,0,0,3,0,"0,00%",0.53,0.00,0.00,0,12.4
338,0,0,0,0,0,0,9,1,"11,11%",1.64,0.18,0.00,0.00,24.1
339,1,1,0,0,0,1,1,1,"100,00%",0.42,0.42,1.00,1.00,11.3
340,1,1,0,0,0,1,1,1,"100,00%",2.00,2.00,1.00,1.00,12.5
341,0,0,0,0,0,0,0,0,"0,00%",0.00,0.00,0,0,0
342,0,0,0,0,0,0,7,2,"28,57%",2.15,0.61,0.00,0.00,21.9
343,0,0,0,0,0,0,0,0,"0,00%",0.00,0.00,0,0,0
344,0,0,0,0,0,0,0,0,"0,00%",0.00,0.00,0,0,0
345,0,0,0,0,0,0,1,0,"0,00%",4.50,0.00,0.00,0,13.1
346,0,0,0,0,0,0,2,1,"50,00%",0.55,0.27,0.00,0.00,21.5
347,0,0,0,0,0,0,1,0,"0,00%",0.60,0.00,0.00,0,4.3
348,2,2,0,0,0,2,12,7,"58,33%",2.10,1.22,0.17,0.29,14.3
349,0,0,0,0,0,0,1,0,"0,00%",0.35,0.00,0.00,0,12.8
350,0,0,0,0,0,0,7,0,"0,00%",2.80,0.00,0.00,0,26.1
351,0,0,0,0,0,0,1,0,"0,00%",0.22,0.00,0.00,0,12.3
352,0,0,0,0,0,0,2,0,"0,00%",2.22,0.00,0.00,0,17.5
353,0,0,0,0,0,0,2,0,"0,00%",0.42,0.00,0.00,0,19.7
354,0,0,0,0,0,0,6,2,"33,33%",1.26,0.42,0.00,0.00,16.6
355,0,0,0,0,0,0,3,0,"0,00%",0.48,0.00,0.00,0,10.0
356,0,0,0,0,0,0,0,0,"0,00%",0.00,0.00,0,0,0
357,1,1,0,0,0,1,4,1,"25,00%",0.58,0.14,0.25,1.00,19.8
358,0,0,0,0,0,0,2,0,"0,00%",60.00,0.00,0.00,0,17.7
359,0,0,0,0,0,0,10,1,"10,00%",01.07,0.11,0.00,0.00,27.5
360,1,1,0,0,0,1,5,2,"40,00%",0.55,0.22,0.20,0.50,14.2
361,0,0,0,0,0,0,0,0,"0,00%",0.00,0.00,0,0,0
362,0,0,0,0,0,0,0,0,"0,00%",0.00,0.00,0,0,0
363,0,0,0,0,0,0,3,0,"0,00%",1.35,0.00,0.00,0,16.0
364,2,1,1,3,0,2,35,11,"31,43%",4.55,1.43,0.03,0.09,17.9
365,0,0,0,0,0,0,2,0,"0,00%",0.69,0.00,0.00,0,8.0
366,0,0,0,0,0,0,3,2,"66,67%",0.97,0.65,0.00,0.00,16.9
367,0,0,0,1,0,0,2,1,"50,00%",0.62,0.31,0.00,0.00,30.0
368,0,0,0,0,0,0,0,0,"0,00%",0.00,0.00,0,0,0
369,0,0,0,0,0,0,0,0,"0,00%",0.00,0.00,0,0,0
370,0,0,0,0,0,0,0,0,"0,00%",0.00,0.00,0,0,0
371,0,0,0,0,0,0,1,0,"0,00%",0.19,0.00,0.00,0,11.5
372,1,1,0,0,0,1,19,3,"15,79%",1.89,0.30,0.05,0.33,18.2
373,0,0,0,0,0,0,1,0,"0,00%",0.87,0.00,0.00,0,22.5
374,1,1,0,0,0,1,1,1,"100,00%",0.18,0.18,1.00,1.00,9.2
375,0,0,0,0,0,0,2,1,"50,00%",0.80,0.40,0.00,0.00,19.3
376,0,0,0,0,0,0,7,4,"57,14%",1.40,0.80,0.00,0.00,18.4
377,5,5,0,0,2,5,24,10,"41,67%",4.90,02.04,0.21,0.50,14.3
378,1,1,0,0,0,1,2,1,"50,00%",1.51,0.76,0.50,1.00,21.1
379,0,0,0,0,0,0,1,0,"0,00%",0.15,0.00,0.00,0,9.0
380,1,1,0,0,0,1,11,4,"36,36%",1.95,0.71,0.09,0.25,15.6
381,0,0,0,0,0,0,0,0,"0,00%",0.00,0.00,0,0,0
382,1,1,0,0,0,1,6,1,"16,67%",1.00,0.17,0.17,1.00,21.5
383,0,0,0,0,0,0,1,0,"0,00%",0.42,0.00,0.00,0,20.7
384,0,0,0,0,0,0,0,0,"0,00%",0.00,0.00,0,0,0
385,0,0,0,0,0,0,4,2,"50,00%",6.92,3.46,0.00,0.00,12.8
386,0,0,0,0,0,0,3,0,"0,00%",0.31,0.00,0.00,0,26.8
387,0,0,0,0,0,0,8,1,"12,50%",3.24,0.41,0.00,0.00,25.3
388,0,0,0,0,0,0,2,0,"0,00%",0.63,0.00,0.00,0,24.7
389,0,0,0,0,0,0,0,0,"0,00%",0.00,0.00,0,0,0
390,0,0,0,0,0,0,0,0,"0,00%",0.00,0.00,0,0,0
391,1,1,0,0,0,1,12,4,"33,33%",2.31,0.77,0.08,0.25,16.8
392,0,0,0,0,0,0,5,0,"0,00%",0.52,0.00,0.00,0,21.1
393,3,2,1,1,0,3,11,6,"54,55%",5.35,2.92,0.18,0.33,12.2
394,0,0,0,0,0,0,1,0,"0,00%",0.20,0.00,0.00,0,8.3
395,0,0,0,0,0,0,0,0,"0,00%",0.00,0.00,0,0,0
396,0,0,0,0,0,0,1,0,"0,00%",4.29,0.00,0.00,0,31.8
397,0,0,0,0,0,0,6,1,"16,67%",1.64,0.27,0.00,0.00,9.4
398,3,2,1,3,1,3,9,4,"44,44%",1.60,0.71,0.22,0.50,23.0
399,0,0,0,0,0,0,0,0,"0,00%",0.00,0.00,0,0,0
400,0,0,0,0,0,0,8,1,"12,50%",2.90,0.36,0.00,0.00,17.0
401,0,0,0,0,0,0,3,0,"0,00%",0.53,0.00,0.00,0,20.4
402,3,3,0,0,0,3,15,10,"66,67%",2.45,1.63,0.20,0.30,14.3
403,0,0,0,0,0,0,1,0,"0,00%",0.33,0.00,0.00,0,10.4
404,0,0,0,0,0,0,0,0,"0,00%",0.00,0.00,0,0,0
405,0,0,0,0,0,0,4,1,"25,00%",0.90,0.22,0.00,0.00,15.8
406,0,0,0,0,0,0,0,0,"0,00%",0.00,0.00,0,0,0
407,0,0,0,0,0,0,0,0,"0,00%",0.00,0.00,0,0,0
408,6,1,5,5,0,6,7,1,"14,29%",0.73,0.10,0.14,1.00,29.9
409,0,0,0,0,0,0,3,1,"33,33%",1.00,0.33,0.00,0.00,14.9
410,0,0,0,0,0,0,2,1,"50,00%",0.28,0.14,0.00,0.00,8.1
411,0,0,0,0,0,0,0,0,"0,00%",0.00,0.00,0,0,0
412,3,3,0,0,0,3,27,8,"29,63%",2.44,0.72,0.11,0.38,15.0
413,0,0,0,0,0,0,4,0,"0,00%",3.19,0.00,0.00,0,11.1
414,0,0,0,0,0,0,0,0,"0,00%",0.00,0.00,0,0,0
415,0,0,0,0,0,0,3,1,"33,33%",3.00,1.00,0.00,0.00,29.5
416,1,1,0,0,0,1,5,2,"40,00%",1.85,0.74,0.20,0.50,10.3
417,0,0,0,0,0,0,1,0,"0,00%",0.93,0.00,0.00,0,9.6
418,0,0,0,0,0,0,0,0,"0,00%",0.00,0.00,0,0,0
419,0,0,0,0,0,0,0,0,"0,00%",0.00,0.00,0,0,0
420,4,4,0,0,0,4,15,7,"46,67%",3.10,1.45,0.27,0.57,12.6
421,0,0,0,0,0,0,4,1,"25,00%",0.92,0.23,0.00,0.00,18.0
422,7,6,1,1,0,7,25,14,"56,00%",3.46,1.94,0.24,0.43,16.1
423,2,2,0,0,0,2,4,2,"50,00%",0.89,0.44,0.50,1.00,17.4
424,0,0,0,0,0,0,0,0,"0,00%",0.00,0.00,0,0,0
425,0,0,0,0,0,0,0,0,"0,00%",0.00,0.00,0,0,0
426,0,0,0,0,0,0,2,0,"0,00%",0.83,0.00,0.00,0,24.7
427,2,2,0,0,0,2,4,2,"50,00%",1.00,0.50,0.50,1.00,10.2
428,0,0,0,0,0,0,0,0,"0,00%",0.00,0.00,0,0,0
429,0,0,0,0,0,0,0,0,"0,00%",0.00,0.00,0,0,0
430,1,1,0,0,0,1,5,1,"20,00%",0.79,0.16,0.20,1.00,12.0
431,0,0,0,0,0,0,0,0,"0,00%",0.00,0.00,0,0,0
432,0,0,0,0,0,0,1,0,"0,00%",6.43,0.00,0.00,0,22.3
433,0,0,0,0,0,0,0,0,"0,00%",0.00,0.00,0,0,0
434,0,0,0,0,0,0,0,0,"0,00%",0.00,0.00,0,0,0
435,1,1,0,0,0,1,1,1,"100,00%",0.21,0.21,1.00,1.00,14.1
436,0,0,0,0,0,0,0,0,"0,00%",0.00,0.00,0,0,0
437,0,0,0,0,0,0,1,0,"0,00%",0.26,0.00,0.00,0,25.5
438,0,0,0,0,0,0,0,0,"0,00%",0.00,0.00,0,0,0
439,4,4,0,0,4,4,23,8,"34,78%",3.38,1.17,0.17,0.50,18.8
440,1,1,0,0,0,1,6,2,"33,33%",1.71,0.57,0.17,0.50,17.4
441,0,0,0,0,0,0,2,0,"0,00%",0.51,0.00,0.00,0,12.0
442,0,0,0,0,0,0,0,0,"0,00%",0.00,0.00,0,0,0
443,0,0,0,0,0,0,0,0,"0,00%",0.00,0.00,0,0,0
444,2,2,0,0,0,2,8,5,"62,50%",2.13,1.33,0.25,0.40,17.3
445,1,1,0,0,0,1,4,1,"25,00%",0.48,0.12,0.25,1.00,22.6
446,0,0,0,0,0,0,1,0,"0,00%",0.37,0.00,0.00,0,24.3
447,0,0,0,0,0,0,1,0,"0,00%",0.11,0.00,0.00,0,11.7
448,1,1,0,0,0,1,8,3,"37,50%",4.62,1.73,0.13,0.33,13.3
449,0,0,0,0,0,0,4,0,"0,00%",1.70,0.00,0.00,0,19.1
450,0,0,0,0,0,0,5,2,"40,00%",0.87,0.35,0.00,0.00,29.5
451,2,2,0,0,0,2,15,8,"53,33%",1.49,0.79,0.13,0.25,16.6
452,0,0,0,0,0,0,4,0,"0,00%",01.06,0.00,0.00,0,16.4
453,2,1,1,1,0,2,6,2,"33,33%",0.73,0.24,0.17,0.50,21.4
454,0,0,0,0,0,0,0,0,"0,00%",0.00,0.00,0,0,0
455,4,4,0,0,0,4,8,4,"50,00%",1.61,0.80,0.50,1.00,11.9
456,0,0,0,0,0,0,1,1,"100,00%",0.22,0.22,0.00,0.00,13.9
457,0,0,0,0,0,0,3,0,"0,00%",0.58,0.00,0.00,0,17.2
458,1,1,0,0,0,1,1,1,"100,00%",0.40,0.40,1.00,1.00,5.2
459,0,0,0,0,0,0,1,0,"0,00%",0.59,0.00,0.00,0,19.0
460,0,0,0,0,0,0,4,2,"50,00%",1.22,0.61,0.00,0.00,10.3
461,0,0,0,0,0,0,0,0,"0,00%",0.00,0.00,0,0,0
462,0,0,0,0,0,0,6,2,"33,33%",2.11,0.70,0.00,0.00,15.3
463,0,0,0,0,0,0,2,0,"0,00%",0.54,0.00,0.00,0,43.0
464,0,0,0,0,0,0,9,1,"11,11%",1.88,0.21,0.00,0.00,21.0
465,0,0,0,0,0,0,9,3,"33,33%",3.35,1.12,0.00,0.00,16.0
466,0,0,0,0,2,0,14,4,"28,57%",2.86,0.82,0.00,0.00,21.2
467,0,0,0,0,0,0,0,0,"0,00%",0.00,0.00,0,0,0
468,0,0,0,0,0,0,3,1,"33,33%",2.87,0.96,0.00,0.00,20.7
469,3,3,0,0,1,3,9,6,"66,67%",1.57,01.05,0.33,0.50,19.4
470,0,0,0,0,0,0,2,0,"0,00%",04.09,0.00,0.00,0,17.9
471,0,0,0,0,0,0,0,0,"0,00%",0.00,0.00,0,0,0
472,1,1,0,0,0,1,9,4,"44,44%",2.21,0.98,0.11,0.25,13.6
473,2,2,0,0,0,2,5,3,"60,00%",3.49,02.09,0.40,0.67,12.1
474,0,0,0,0,0,0,10,4,"40,00%",1.70,0.68,0.00,0.00,14.4
475,0,0,0,0,0,0,5,0,"0,00%",1.25,0.00,0.00,0,23.7
476,0,0,0,0,0,0,3,0,"0,00%",0.37,0.00,0.00,0,12.1
477,0,0,0,0,0,0,1,1,"100,00%",0.20,0.20,0.00,0.00,25.9
478,0,0,0,0,0,0,0,0,"0,00%",0.00,0.00,0,0,0
479,0,0,0,0,0,0,2,1,"50,00%",1.50,0.75,0.00,0.00,15.0
480,1,1,0,0,0,1,8,3,"37,50%",1.93,0.72,0.13,0.33,17.8
481,3,3,0,0,0,3,11,5,"45,45%",2.23,01.01,0.27,0.60,13.9
482,0,0,0,0,0,0,1,0,"0,00%",2.31,0.00,0.00,0,14.4
483,0,0,0,0,0,0,0,0,"0,00%",0.00,0.00,0,0,0
484,0,0,0,0,0,0,0,0,"0,00%",0.00,0.00,0,0,0
485,2,2,0,0,4,2,18,6,"33,33%",03.01,1.00,0.11,0.33,18.9
486,1,1,0,0,0,1,2,1,"50,00%",1.00,0.50,0.50,1.00,11.4
487,0,0,0,0,0,0,8,1,"12,50%",1.12,0.14,0.00,0.00,20.3
488,0,0,0,0,0,0,5,1,"20,00%",1.60,0.32,0.00,0.00,16.7
489,3,3,0,0,1,3,15,8,"53,33%",2.40,1.28,0.20,0.38,14.3
490,0,0,0,0,0,0,0,0,"0,00%",0.00,0.00,0,0,0
491,4,4,0,0,0,4,22,13,"59,09%",4.96,2.93,0.18,0.31,13.9
492,1,1,0,0,0,1,1,1,"100,00%",1.58,1.58,1.00,1.00,19.1
493,0,0,0,0,0,0,16,5,"31,25%",2.99,0.94,0.00,0.00,21.0
494,0,0,0,0,0,0,0,0,"0,00%",0.00,0.00,0,0,0
495,0,0,0,0,0,0,1,1,"100,00%",5.29,5.29,0.00,0.00,15.5
496,0,0,0,0,0,0,1,0,"0,00%",6.43,0.00,0.00,0,18.5
497,0,0,0,0,0,0,1,0,"0,00%",0.17,0.00,0.00,0,23.2
498,3,2,1,1,0,3,10,5,"50,00%",1.94,0.97,0.20,0.40,18.2
499,0,0,0,0,0,0,4,0,"0,00%",0.70,0.00,0.00,0,7.6
500,0,0,0,0,0,0,2,0,"0,00%",2.77,0.00,0.00,0,16.1
501,0,0,0,0,0,0,0,0,"0,00%",0.00,0.00,0,0,0
502,0,0,0,0,0,0,7,0,"0,00%",1.11,0.00,0.00,0,23.8
503,0,0,0,0,0,0,4,1,"25,00%",0.50,0.12,0.00,0.00,10.1
504,0,0,0,0,0,0,6,2,"33,33%",3.51,1.17,0.00,0.00,14.9
505,2,2,0,0,1,2,13,3,"23,08%",2.39,0.55,0.15,0.67,21.7
506,0,0,0,0,0,0,0,0,"0,00%",0.00,0.00,0,0,0
507,5,5,0,1,0,5,15,7,"46,67%",3.21,1.50,0.33,0.71,12.2
508,0,0,0,0,0,0,4,0,"0,00%",0.45,0.00,0.00,0,22.0
509,0,0,0,0,0,0,5,2,"40,00%",0.86,0.34,0.00,0.00,17.9
510,0,0,0,0,0,0,0,0,"0,00%",0.00,0.00,0,0,0
511,0,0,0,0,0,0,2,1,"50,00%",0.33,0.17,0.00,0.00,25.5
512,0,0,0,0,0,0,0,0,"0,00%",0.00,0.00,0,0,0
513,0,0,0,0,0,0,4,2,"50,00%",2.61,1.30,0.00,0.00,17.6
514,0,0,0,0,0,0,0,0,"0,00%",0.00,0.00,0,0,0
515,0,0,0,0,0,0,3,0,"0,00%",0.76,0.00,0.00,0,27.8
516,0,0,0,0,0,0,0,0,"0,00%",0.00,0.00,0,0,0
517,0,0,0,0,0,0,0,0,"0,00%",0.00,0.00,0,0,0
518,1,1,0,0,0,1,2,1,"50,00%",0.76,0.38,0.50,1.00,8.3
519,0,0,0,0,0,0,2,2,"100,00%",3.67,3.67,0.00,0.00,11.4
520,2,2,0,0,0,2,6,3,"50,00%",0.91,0.46,0.33,0.67,9.7
521,0,0,0,0,0,0,3,0,"0,00%",0.50,0.00,0.00,0,13.5
522,0,0,0,0,0,0,2,0,"0,00%",2.34,0.00,0.00,0,21.8
523,0,0,0,0,0,0,6,3,"50,00%",1.35,0.67,0.00,0.00,13.3
524,0,0,0,0,1,0,3,0,"0,00%",1.34,0.00,0.00,0,27.1
525,0,0,0,0,0,0,0,0,"0,00%",0.00,0.00,0,0,0
526,0,0,0,0,0,0,5,2,"40,00%",0.66,0.26,0.00,0.00,20.4
527,0,0,0,0,0,0,1,1,"100,00%",0.20,0.20,0.00,0.00,13.0
528,0,0,0,0,0,0,0,0,"0,00%",0.00,0.00,0,0,0
529,0,0,0,0,0,0,0,0,"0,00%",0.00,0.00,0,0,0
530,0,0,0,0,0,0,2,0,"0,00%",0.31,0.00,0.00,0,10.5
531,0,0,0,0,0,0,1,1,"100,00%",0.18,0.18,0.00,0.00,5.2
532,0,0,0,0,0,1,2,1,"50,00%",0.37,0.18,0.50,1.00,10.2
533,1,1,0,0,0,0,3,0,"0,00%",1.50,0.00,0.00,0,24.3
534,0,0,0,0,0,0,0,0,"0,00%",0.00,0.00,0,0,0
535,0,0,0,0,0,0,5,2,"40,00%",0.94,0.37,0.00,0.00,11.4
536,0,0,0,0,0,0,5,2,"40,00%",3.66,1.46,0.00,0.00,18.4
537,0,0,0,0,0,0,0,0,"0,00%",0.00,0.00,0,0,0
538,0,0,0,0,0,0,1,1,"100,00%",0.35,0.35,0.00,0.00,34.1
539,0,0,0,0,0,1,7,2,"28,57%",3.87,1.10,0.14,0.50,18.9
540,1,1,0,0,0,0,0,0,"0,00%",0.00,0.00,0,0,0
541,0,0,0,0,0,1,12,3,"25,00%",2.68,0.67,0.00,0.00,21.0
542,1,0,1,1,0,0,4,2,"50,00%",0.92,0.46,0.00,0.00,19.9
543,0,0,0,0,1,0,2,0,"0,00%",4.74,0.00,0.00,0,27.7
544,0,0,0,0,0,0,0,0,"0,00%",0.00,0.00,0,0,0
545,0,0,0,0,0,0,1,0,"0,00%",0.80,0.00,0.00,0,10.7
546,0,0,0,0,0,2,4,2,"50,00%",0.81,0.40,0.50,1.00,19.0
547,2,2,0,0,0,0,5,0,"0,00%",01.08,0.00,0.00,0,23.0
548,0,0,0,0,0,3,24,12,"50,00%",03.03,1.52,0.13,0.25,11.2
549,3,3,0,0,0,0,6,2,"33,33%",0.75,0.25,0.00,0.00,15.0
550,0,0,0,0,0,0,0,0,"0,00%",0.00,0.00,0,0,0
551,0,0,0,0,0,0,10,0,"0,00%",03.06,0.00,0.00,0,22.0
552,0,0,0,0,0,4,10,5,"50,00%",3.60,1.80,0.40,0.80,12.5
553,4,4,0,0,0,0,0,0,"0,00%",0.00,0.00,0,0,0
554,0,0,0,0,0,0,6,0,"0,00%",2.17,0.00,0.00,0,16.8
555,0,0,0,0,0,0,1,0,"0,00%",0.18,0.00,0.00,0,13.7
556,0,0,0,0,0,0,0,0,"0,00%",0.00,0.00,0,0,0
557,0,0,0,0,0,0,2,1,"50,00%",0.63,0.31,0.00,0.00,9.8
558,0,0,0,0,2,1,6,2,"33,33%",02.06,0.69,0.17,0.50,19.2
559,1,1,0,0,0,0,3,1,"33,33%",0.70,0.23,0.00,0.00,20.2
560,0,0,0,0,0,2,10,3,"30,00%",2.47,0.74,0.20,0.67,13.6
561,2,2,0,0,0,0,2,1,"50,00%",0.49,0.24,0.00,0.00,25.4
562,0,0,0,0,0,0,0,0,"0,00%",0.00,0.00,0,0,0
563,0,0,0,0,0,0,4,2,"50,00%",1.75,0.87,0.00,0.00,19.9
564,0,0,0,0,0,0,2,0,"0,00%",0.48,0.00,0.00,0,12.5
565,0,0,0,0,0,0,0,0,"0,00%",0.00,0.00,0,0,0
566,0,0,0,0,0,0,3,1,"33,33%",0.90,0.30,0.00,0.00,22.8
567,0,0,0,0,0,2,17,4,"23,53%",1.54,0.36,0.12,0.50,19.1
568,2,2,0,0,1,5,23,9,"39,13%",2.53,0.99,0.13,0.33,15.0
569,5,3,2,2,0,0,2,1,"50,00%",0.30,0.15,0.00,0.00,13.4
570,0,0,0,0,0,0,4,1,"25,00%",0.76,0.19,0.00,0.00,17.8
571,0,0,0,0,0,0,0,0,"0,00%",0.00,0.00,0,0,0
572,0,0,0,0,0,0,3,1,"33,33%",0.44,0.15,0.00,0.00,9.6
573,0,0,0,0,0,1,6,1,"16,67%",0.80,0.13,0.17,1.00,20.0
574,1,1,0,0,0,0,2,1,"50,00%",2.00,1.00,0.00,0.00,10.2
575,0,0,0,0,1,0,6,1,"16,67%",1.40,0.23,0.00,0.00,25.3
576,0,0,0,0,0,0,5,0,"0,00%",1.89,0.00,0.00,0,18.3
577,0,0,0,0,0,0,2,1,"50,00%",3.83,1.91,0.00,0.00,13.6
578,0,0,0,0,0,0,0,0,"0,00%",0.00,0.00,0,0,0
579,0,0,0,0,0,0,0,0,"0,00%",0.00,0.00,0,0,0
580,0,0,0,0,1,0,10,3,"30,00%",3.21,0.96,0.00,0.00,20.6
581,0,0,0,0,0,2,6,4,"66,67%",1.46,0.97,0.33,0.50,18.4
582,2,2,0,0,0,0,7,1,"14,29%",2.68,0.38,0.00,0.00,13.1
583,0,0,0,0,0,8,22,12,"54,55%",3.17,1.73,0.32,0.58,13.8
584,8,7,1,1,0,0,1,0,"0,00%",0.50,0.00,0.00,0,9.0
585,0,0,0,0,0,0,0,0,"0,00%",0.00,0.00,0,0,0
586,0,0,0,0,2,2,16,6,"37,50%",3.44,1.29,0.13,0.33,15.5
587,2,2,0,0,0,0,0,0,"0,00%",0.00,0.00,0,0,0
588,0,0,0,0,0,0,0,0,"0,00%",0.00,0.00,0,0,0
589,0,0,0,0,0,0,1,0,"0,00%",0.38,0.00,0.00,0,27.4
590,0,0,0,0,0,0,1,0,"0,00%",0.28,0.00,0.00,0,7.8
591,0,0,0,0,2,4,18,9,"50,00%",2.93,1.47,0.22,0.44,20.3
592,4,4,0,0,0,1,3,1,"33,33%",0.92,0.31,0.33,1.00,24.3
593,1,1,0,0,0,1,5,2,"40,00%",0.77,0.31,0.20,0.50,16.5
594,1,1,0,0,0,0,0,0,"0,00%",0.00,0.00,0,0,0
595,0,0,0,0,0,0,3,1,"33,33%",2.97,0.99,0.00,0.00,18.2
596,0,0,0,0,0,0,0,0,"0,00%",0.00,0.00,0,0,0
597,0,0,0,0,0,0,15,3,"20,00%",03.03,0.61,0.00,0.00,13.3
598,0,0,0,1,0,0,0,0,"0,00%",0.00,0.00,0,0,0
599,0,0,0,0,0,0,2,0,"0,00%",0.31,0.00,0.00,0,23.9
600,0,0,0,0,0,0,2,0,"0,00%",0.32,0.00,0.00,0,23.6
601,0,0,0,0,0,2,4,2,"50,00%",0.91,0.45,0.50,1.00,9.7
602,2,2,0,0,0,1,6,3,"50,00%",1.00,0.50,0.17,0.33,21.8
603,1,1,0,0,0,0,13,5,"38,46%",3.55,1.36,0.00,0.00,18.6
604,0,0,0,0,0,0,1,1,"100,00%",0.58,0.58,0.00,0.00,9.2
605,0,0,0,0,0,2,7,3,"42,86%",3.37,1.44,0.29,0.67,25.5
606,2,2,0,0,0,0,2,0,"0,00%",1.73,0.00,0.00,0,15.8
607,0,0,0,0,0,3,15,7,"46,67%",2.53,1.18,0.20,0.43,13.7
608,3,3,0,0,0,2,4,3,"75,00%",0.40,0.30,0.50,0.67,9.6
609,2,2,0,0,0,3,8,5,"62,50%",0.79,0.49,0.38,0.60,13.5
610,3,3,0,0,0,5,28,12,"42,86%",03.08,1.32,0.18,0.42,14.9
611,5,5,0,0,0,0,7,3,"42,86%",0.98,0.42,0.00,0.00,12.6
612,0,0,0,0,0,1,2,1,"50,00%",0.35,0.18,0.50,1.00,10.8
613,1,1,0,0,0,4,15,9,"60,00%",5.13,03.08,0.27,0.44,12.1
614,4,4,0,0,0,0,0,0,"0,00%",0.00,0.00,0,0,0
615,0,0,0,0,0,0,0,0,"0,00%",0.00,0.00,0,0,0
616,0,0,0,0,0,1,1,1,"100,00%",0.46,0.46,1.00,1.00,10.9
617,1,1,0,0,0,1,3,2,"66,67%",0.92,0.61,0.33,0.50,15.5
618,1,1,0,0,0,0,2,0,"0,00%",0.34,0.00,0.00,0,6.9
619,0,0,0,0,0,0,0,0,"0,00%",0.00,0.00,0,0,0
620,0,0,0,0,0,0,1,0,"0,00%",0.83,0.00,0.00,0,12.4
621,0,0,0,0,0,1,2,1,"50,00%",1.16,0.58,0.50,1.00,15.1
622,1,1,0,0,1,0,2,0,"0,00%",0.68,0.00,0.00,0,39.4
623,0,0,0,0,0,0,0,0,"0,00%",0.00,0.00,0,0,0
624,0,0,0,0,0,0,2,0,"0,00%",04.09,0.00,0.00,0,11.8
625,0,0,0,0,0,0,3,0,"0,00%",0.37,0.00,0.00,0,25.7
626,0,0,0,0,0,2,13,5,"38,46%",1.98,0.76,0.15,0.40,18.7
627,2,2,0,0,0,0,4,2,"50,00%",2.16,01.08,0.00,0.00,19.1
628,0,0,0,0,0,0,0,0,"0,00%",0.00,0.00,0,0,0
629,0,0,0,0,0,0,1,0,"0,00%",0.48,0.00,0.00,0,10.7
630,0,0,0,0,0,0,2,0,"0,00%",0.67,0.00,0.00,0,29.0
631,0,0,0,0,0,0,0,0,"0,00%",0.00,0.00,0,0,0
632,0,0,0,0,0,0,0,0,"0,00%",0.00,0.00,0,0,0
633,0,0,0,0,0,0,0,0,"0,00%",0.00,0.00,0,0,0
634,0,0,0,0,0,0,0,0,"0,00%",0.00,0.00,0,0,0
635,0,0,0,0,0,0,0,0,"0,00%",0.00,0.00,0,0,0
636,0,0,0,0,0,3,8,4,"50,00%",1.14,0.57,0.38,0.75,11.4
637,3,3,0,0,0,1,3,1,"33,33%",0.39,0.13,0.33,1.00,23.5
638,1,1,0,0,2,0,14,4,"28,57%",3.17,0.90,0.00,0.00,22.6
639,0,0,0,0,0,0,2,0,"0,00%",0.37,0.00,0.00,0,22.2
640,0,0,0,0,0,0,3,1,"33,33%",0.40,0.13,0.00,0.00,21.2
641,0,0,0,0,0,0,1,1,"100,00%",0.28,0.28,0.00,0.00,23.3
642,0,0,0,0,1,0,7,4,"57,14%",2.66,1.52,0.00,0.00,22.1
643,0,0,0,0,0,0,1,1,"100,00%",0.17,0.17,0.00,0.00,8.2
644,0,0,0,0,0,1,3,1,"33,33%",1.82,0.61,0.33,1.00,12.4
645,1,1,0,0,0,1,1,1,"100,00%",0.18,0.18,1.00,1.00,6.1
646,1,1,0,0,0,0,0,0,"0,00%",0.00,0.00,0,0,0
647,0,0,0,0,2,1,15,3,"20,00%",02.07,0.41,0.07,0.33,22.9
648,1,1,0,0,0,0,1,0,"0,00%",0.88,0.00,0.00,0,23.9
649,0,0,0,0,0,0,4,1,"25,00%",0.83,0.21,0.00,0.00,21.3
650,0,0,0,0,0,0,1,0,"0,00%",0.19,0.00,0.00,0,9.5
651,0,0,0,0,0,0,1,0,"0,00%",5.00,0.00,0.00,0,9.9
652,0,0,0,0,0,0,3,0,"0,00%",0.77,0.00,0.00,0,21.4
653,0,0,0,0,0,5,22,10,"45,45%",3.24,1.47,0.14,0.30,15.7
654,5,3,2,2,0,0,0,0,"0,00%",0.00,0.00,0,0,0
655,0,0,0,0,0,0,12,1,"8,33%",2.00,0.17,0.00,0.00,26.9
656,0,0,0,0,2,1,4,2,"50,00%",0.74,0.37,0.00,0.00,24.2
657,1,0,1,1,0,0,2,1,"50,00%",0.33,0.17,0.00,0.00,12.7
658,0,0,0,0,0,0,7,3,"42,86%",1.51,0.65,0.00,0.00,16.4
659,0,0,0,0,0,0,0,0,"0,00%",0.00,0.00,0,0,0
660,0,0,0,0,0,0,4,1,"25,00%",3.87,0.97,0.00,0.00,22.6
661,0,0,0,0,0,0,9,2,"22,22%",1.87,0.42,0.00,0.00,17.1
662,0,0,0,0,0,0,7,1,"14,29%",4.34,0.62,0.00,0.00,21.1
663,0,0,0,0,0,0,4,0,"0,00%",0.92,0.00,0.00,0,18.9
664,0,0,0,0,0,0,0,0,"0,00%",0.00,0.00,0,0,0
665,0,0,0,0,0,0,1,0,"0,00%",1.20,0.00,0.00,0,9.5
666,0,0,0,0,0,0,3,0,"0,00%",0.98,0.00,0.00,0,12.2
667,0,0,0,0,0,0,0,0,"0,00%",0.00,0.00,0,0,0
668,0,0,0,0,0,0,2,0,"0,00%",0.74,0.00,0.00,0,20.0
669,0,0,0,0,0,0,2,0,"0,00%",0.34,0.00,0.00,0,10.8
670,0,0,0,0,0,0,2,0,"0,00%",0.22,0.00,0.00,0,18.1
671,0,0,0,0,0,0,9,1,"11,11%",0.77,0.09,0.00,0.00,21.6
672,0,0,0,0,0,1,1,1,"100,00%",0.95,0.95,1.00,1.00,14.9
673,1,1,0,0,0,3,7,3,"42,86%",3.35,1.44,0.43,1.00,13.5
674,3,3,0,0,0,0,1,0,"0,00%",5.29,0.00,0.00,0,12.4
675,0,0,0,0,0,0,0,0,"0,00%",0.00,0.00,0,0,0
676,0,0,0,0,1,2,9,4,"44,44%",2.10,0.93,0.22,0.50,18.9
677,2,2,0,0,0,0,0,0,"0,00%",0.00,0.00,0,0,0
678,0,0,0,0,1,0,3,0,"0,00%",0.79,0.00,0.00,0,17.6
679,0,0,0,0,0,0,3,1,"33,33%",2.62,0.87,0.00,0.00,25.9
680,0,0,0,0,0,0,2,1,"50,00%",0.30,0.15,0.00,0.00,12.3
681,0,0,0,0,0,0,0,0,"0,00%",0.00,0.00,0,0,0
682,0,0,0,0,0,0,0,0,"0,00%",0.00,0.00,0,0,0
683,0,0,0,0,0,0,2,0,"0,00%",0.48,0.00,0.00,0,16.5
684,0,0,0,0,0,0,0,0,"0,00%",0.00,0.00,0,0,0
685,0,0,0,0,0,0,6,1,"16,67%",3.12,0.52,0.00,0.00,20.1
686,0,0,0,0,0,0,0,0,"0,00%",0.00,0.00,0,0,0
687,0,0,0,0,0,1,9,2,"22,22%",1.33,0.30,0.00,0.00,27.1
688,1,0,1,1,0,0,0,0,"0,00%",0.00,0.00,0,0,0
689,0,0,0,0,1,2,24,8,"33,33%",2.23,0.74,0.08,0.25,22.3
690,2,2,0,0,0,0,12,5,"41,67%",1.50,0.62,0.00,0.00,10.5
691,0,0,0,0,1,0,4,0,"0,00%",0.51,0.00,0.00,0,17.7
692,0,0,0,0,2,0,3,2,"66,67%",0.75,0.50,0.00,0.00,22.9
693,0,0,0,0,0,0,0,0,"0,00%",0.00,0.00,0,0,0
694,0,0,0,0,1,0,3,2,"66,67%",0.56,0.37,0.00,0.00,23.1
695,0,0,0,0,0,0,0,0,"0,00%",0.00,0.00,0,0,0
696,0,0,0,0,0,0,0,0,"0,00%",0.00,0.00,0,0,0
697,0,0,0,0,0,0,2,0,"0,00%",0.29,0.00,0.00,0,25.0
698,0,0,0,0,0,0,5,2,"40,00%",0.77,0.31,0.00,0.00,22.6
699,0,0,0,0,0,0,0,0,"0,00%",0.00,0.00,0,0,0
700,0,0,0,0,0,1,15,7,"46,67%",3.28,1.53,0.07,0.14,11.8
701,1,1,0,0,0,1,10,3,"30,00%",1.97,0.59,0.10,0.33,19.8
702,1,1,0,0,0,0,0,0,"0,00%",0.00,0.00,0,0,0
703,0,0,0,0,0,0,1,0,"0,00%",0.32,0.00,0.00,0,31.3
704,0,0,0,0,0,0,1,0,"0,00%",2.50,0.00,0.00,0,20.8
705,0,0,0,0,0,0,0,0,"0,00%",0.00,0.00,0,0,0
706,0,0,0,0,0,0,2,1,"50,00%",1.26,0.63,0.00,0.00,25.3
707,0,0,0,0,0,2,13,6,"46,15%",2.34,01.08,0.15,0.33,12.5
708,2,2,0,0,0,0,0,0,"0,00%",0.00,0.00,0,0,0
709,0,0,0,0,0,0,0,0,"0,00%",0.00,0.00,0,0,0
710,0,0,0,0,0,0,1,0,"0,00%",0.19,0.00,0.00,0,8.2
711,0,0,0,0,0,0,2,1,"50,00%",01.09,0.55,0.00,0.00,10.2
712,0,0,0,0,0,0,5,2,"40,00%",2.56,01.02,0.00,0.00,15.9
713,0,0,0,0,0,0,0,0,"0,00%",0.00,0.00,0,0,0
714,0,0,0,0,0,0,3,1,"33,33%",2.41,0.80,0.00,0.00,13.3
715,0,0,0,0,0,0,1,0,"0,00%",1.00,0.00,0.00,0,31.8
716,0,0,0,0,0,0,0,0,"0,00%",0.00,0.00,0,0,0
717,0,0,0,0,0,1,1,1,"100,00%",1.22,1.22,1.00,1.00,16.4
718,1,1,0,0,0,1,9,2,"22,22%",1.25,0.28,0.11,0.50,18.5
719,1,1,0,0,0,0,0,0,"0,00%",0.00,0.00,0,0,0
720,0,0,0,0,0,0,2,0,"0,00%",1.12,0.00,0.00,0,30.5
721,0,0,0,0,0,0,2,2,"100,00%",3.21,3.21,0.00,0.00,26.2
722,0,0,0,0,0,4,14,8,"57,14%",02.04,1.16,0.14,0.25,21.3
723,4,2,2,3,3,0,12,5,"41,67%",7.30,03.04,0.00,0.00,21.1
724,0,0,0,0,0,2,8,3,"37,50%",1.97,0.74,0.25,0.67,17.2
725,2,2,0,0,0,0,0,0,"0,00%",0.00,0.00,0,0,0
726,0,0,0,0,0,2,12,8,"66,67%",3.79,2.53,0.17,0.25,0
727,2,2,0,0,0,0,0,0,"0,00%",0,0,0,0,0
